{
  "_fv": 33,
  "_type": "gui",
  "definition": {
    "type": 1,
    "width": 391,
    "height": 200,
    "inventoryOffsetX": 0,
    "inventoryOffsetY": 20,
    "renderBgLayer": true,
    "doesPauseGame": false,
    "components": [
      {
        "type": "inputslot",
        "data": {
          "inputLimit": {
            "value": ""
          },
          "id": 0,
          "disableStackInteraction": false,
          "dropItemsWhenNotBound": true,
          "name": "Slot #0",
          "x": 24,
          "y": 26
        }
      },
      {
        "type": "inputslot",
        "data": {
          "inputLimit": {
            "value": ""
          },
          "id": 1,
          "disableStackInteraction": false,
          "dropItemsWhenNotBound": true,
          "name": "Slot #1",
          "x": 42,
          "y": 26
        }
      },
      {
        "type": "inputslot",
        "data": {
          "inputLimit": {
            "value": ""
          },
          "id": 2,
          "disableStackInteraction": false,
          "dropItemsWhenNotBound": true,
          "name": "Slot #2",
          "x": 60,
          "y": 26
        }
      },
      {
        "type": "inputslot",
        "data": {
          "inputLimit": {
            "value": ""
          },
          "id": 3,
          "disableStackInteraction": false,
          "dropItemsWhenNotBound": true,
          "name": "Slot #3",
          "x": 78,
          "y": 26
        }
      },
      {
        "type": "inputslot",
        "data": {
          "inputLimit": {
            "value": ""
          },
          "id": 4,
          "disableStackInteraction": false,
          "dropItemsWhenNotBound": true,
          "name": "Slot #4",
          "x": 96,
          "y": 26
        }
      },
      {
        "type": "inputslot",
        "data": {
          "inputLimit": {
            "value": ""
          },
          "id": 5,
          "disableStackInteraction": false,
          "dropItemsWhenNotBound": true,
          "name": "Slot #5",
          "x": 114,
          "y": 26
        }
      },
      {
        "type": "inputslot",
        "data": {
          "inputLimit": {
            "value": ""
          },
          "id": 6,
          "disableStackInteraction": false,
          "dropItemsWhenNotBound": true,
          "name": "Slot #6",
          "x": 132,
          "y": 26
        }
      },
      {
        "type": "inputslot",
        "data": {
          "inputLimit": {
            "value": ""
          },
          "id": 7,
          "disableStackInteraction": false,
          "dropItemsWhenNotBound": true,
          "name": "Slot #7",
          "x": 150,
          "y": 26
        }
      },
      {
        "type": "inputslot",
        "data": {
          "inputLimit": {
            "value": ""
          },
          "id": 8,
          "disableStackInteraction": false,
          "dropItemsWhenNotBound": true,
          "name": "Slot #8",
          "x": 168,
          "y": 26
        }
      },
      {
        "type": "inputslot",
        "data": {
          "inputLimit": {
            "value": ""
          },
          "id": 9,
          "disableStackInteraction": false,
          "dropItemsWhenNotBound": true,
          "name": "Slot #9",
          "x": 186,
          "y": 26
        }
      },
      {
        "type": "inputslot",
        "data": {
          "inputLimit": {
            "value": ""
          },
          "id": 10,
          "disableStackInteraction": false,
          "dropItemsWhenNotBound": true,
          "name": "Slot #10",
          "x": 204,
          "y": 26
        }
      },
      {
        "type": "inputslot",
        "data": {
          "inputLimit": {
            "value": ""
          },
          "id": 11,
          "disableStackInteraction": false,
          "dropItemsWhenNotBound": true,
          "name": "Slot #11",
          "x": 222,
          "y": 26
        }
      },
      {
        "type": "inputslot",
        "data": {
          "inputLimit": {
            "value": ""
          },
          "id": 12,
          "disableStackInteraction": false,
          "dropItemsWhenNotBound": true,
          "name": "Slot #12",
          "x": 240,
          "y": 26
        }
      },
      {
        "type": "inputslot",
        "data": {
          "inputLimit": {
            "value": ""
          },
          "id": 13,
          "disableStackInteraction": false,
          "dropItemsWhenNotBound": true,
          "name": "Slot #13",
          "x": 258,
          "y": 26
        }
      },
      {
        "type": "inputslot",
        "data": {
          "inputLimit": {
            "value": ""
          },
          "id": 14,
          "disableStackInteraction": false,
          "dropItemsWhenNotBound": true,
          "name": "Slot #14",
          "x": 276,
          "y": 26
        }
      },
      {
        "type": "inputslot",
        "data": {
          "inputLimit": {
            "value": ""
          },
          "id": 15,
          "disableStackInteraction": false,
          "dropItemsWhenNotBound": true,
          "name": "Slot #15",
          "x": 294,
          "y": 26
        }
      },
      {
        "type": "inputslot",
        "data": {
          "inputLimit": {
            "value": ""
          },
          "id": 16,
          "disableStackInteraction": false,
          "dropItemsWhenNotBound": true,
          "name": "Slot #16",
          "x": 312,
          "y": 26
        }
      },
      {
        "type": "inputslot",
        "data": {
          "inputLimit": {
            "value": ""
          },
          "id": 17,
          "disableStackInteraction": false,
          "dropItemsWhenNotBound": true,
          "name": "Slot #17",
          "x": 330,
          "y": 26
        }
      },
      {
        "type": "inputslot",
        "data": {
          "inputLimit": {
            "value": ""
          },
          "id": 18,
          "disableStackInteraction": false,
          "dropItemsWhenNotBound": true,
          "name": "Slot #18",
          "x": 348,
          "y": 26
        }
      },
      {
        "type": "inputslot",
        "data": {
          "inputLimit": {
            "value": ""
          },
          "id": 19,
          "disableStackInteraction": false,
          "dropItemsWhenNotBound": true,
          "name": "Slot #19",
          "x": 366,
          "y": 26
        }
      },
      {
        "type": "inputslot",
        "data": {
          "inputLimit": {
            "value": ""
          },
          "id": 20,
          "disableStackInteraction": false,
          "dropItemsWhenNotBound": true,
          "name": "Slot #20",
          "x": 384,
          "y": 26
        }
      },
      {
        "type": "inputslot",
        "data": {
          "inputLimit": {
            "value": ""
          },
          "id": 21,
          "disableStackInteraction": false,
          "dropItemsWhenNotBound": true,
          "name": "Slot #21",
          "x": 24,
          "y": 44
        }
      },
      {
        "type": "inputslot",
        "data": {
          "inputLimit": {
            "value": ""
          },
          "id": 22,
          "disableStackInteraction": false,
          "dropItemsWhenNotBound": true,
          "name": "Slot #22",
          "x": 42,
          "y": 44
        }
      },
      {
        "type": "inputslot",
        "data": {
          "inputLimit": {
            "value": ""
          },
          "id": 23,
          "disableStackInteraction": false,
          "dropItemsWhenNotBound": true,
          "name": "Slot #23",
          "x": 60,
          "y": 44
        }
      },
      {
        "type": "inputslot",
        "data": {
          "inputLimit": {
            "value": ""
          },
          "id": 24,
          "disableStackInteraction": false,
          "dropItemsWhenNotBound": true,
          "name": "Slot #24",
          "x": 78,
          "y": 44
        }
      },
      {
        "type": "inputslot",
        "data": {
          "inputLimit": {
            "value": ""
          },
          "id": 25,
          "disableStackInteraction": false,
          "dropItemsWhenNotBound": true,
          "name": "Slot #25",
          "x": 96,
          "y": 44
        }
      },
      {
        "type": "inputslot",
        "data": {
          "inputLimit": {
            "value": ""
          },
          "id": 26,
          "disableStackInteraction": false,
          "dropItemsWhenNotBound": true,
          "name": "Slot #26",
          "x": 114,
          "y": 44
        }
      },
      {
        "type": "inputslot",
        "data": {
          "inputLimit": {
            "value": ""
          },
          "id": 27,
          "disableStackInteraction": false,
          "dropItemsWhenNotBound": true,
          "name": "Slot #27",
          "x": 132,
          "y": 44
        }
      },
      {
        "type": "inputslot",
        "data": {
          "inputLimit": {
            "value": ""
          },
          "id": 28,
          "disableStackInteraction": false,
          "dropItemsWhenNotBound": true,
          "name": "Slot #28",
          "x": 150,
          "y": 44
        }
      },
      {
        "type": "inputslot",
        "data": {
          "inputLimit": {
            "value": ""
          },
          "id": 29,
          "disableStackInteraction": false,
          "dropItemsWhenNotBound": true,
          "name": "Slot #29",
          "x": 168,
          "y": 44
        }
      },
      {
        "type": "inputslot",
        "data": {
          "inputLimit": {
            "value": ""
          },
          "id": 30,
          "disableStackInteraction": false,
          "dropItemsWhenNotBound": true,
          "name": "Slot #30",
          "x": 186,
          "y": 44
        }
      },
      {
        "type": "inputslot",
        "data": {
          "inputLimit": {
            "value": ""
          },
          "id": 31,
          "disableStackInteraction": false,
          "dropItemsWhenNotBound": true,
          "name": "Slot #31",
          "x": 204,
          "y": 44
        }
      },
      {
        "type": "inputslot",
        "data": {
          "inputLimit": {
            "value": ""
          },
          "id": 32,
          "disableStackInteraction": false,
          "dropItemsWhenNotBound": true,
          "name": "Slot #32",
          "x": 222,
          "y": 44
        }
      },
      {
        "type": "inputslot",
        "data": {
          "inputLimit": {
            "value": ""
          },
          "id": 33,
          "disableStackInteraction": false,
          "dropItemsWhenNotBound": true,
          "name": "Slot #33",
          "x": 240,
          "y": 44
        }
      },
      {
        "type": "inputslot",
        "data": {
          "inputLimit": {
            "value": ""
          },
          "id": 34,
          "disableStackInteraction": false,
          "dropItemsWhenNotBound": true,
          "name": "Slot #34",
          "x": 258,
          "y": 44
        }
      },
      {
        "type": "inputslot",
        "data": {
          "inputLimit": {
            "value": ""
          },
          "id": 35,
          "disableStackInteraction": false,
          "dropItemsWhenNotBound": true,
          "name": "Slot #35",
          "x": 276,
          "y": 44
        }
      },
      {
        "type": "inputslot",
        "data": {
          "inputLimit": {
            "value": ""
          },
          "id": 36,
          "disableStackInteraction": false,
          "dropItemsWhenNotBound": true,
          "name": "Slot #36",
          "x": 294,
          "y": 44
        }
      },
      {
        "type": "inputslot",
        "data": {
          "inputLimit": {
            "value": ""
          },
          "id": 37,
          "disableStackInteraction": false,
          "dropItemsWhenNotBound": true,
          "name": "Slot #37",
          "x": 312,
          "y": 44
        }
      },
      {
        "type": "inputslot",
        "data": {
          "inputLimit": {
            "value": ""
          },
          "id": 38,
          "disableStackInteraction": false,
          "dropItemsWhenNotBound": true,
          "name": "Slot #38",
          "x": 330,
          "y": 44
        }
      },
      {
        "type": "inputslot",
        "data": {
          "inputLimit": {
            "value": ""
          },
          "id": 39,
          "disableStackInteraction": false,
          "dropItemsWhenNotBound": true,
          "name": "Slot #39",
          "x": 348,
          "y": 44
        }
      },
      {
        "type": "inputslot",
        "data": {
          "inputLimit": {
            "value": ""
          },
          "id": 40,
          "disableStackInteraction": false,
          "dropItemsWhenNotBound": true,
          "name": "Slot #40",
          "x": 366,
          "y": 44
        }
      },
      {
        "type": "inputslot",
        "data": {
          "inputLimit": {
            "value": ""
          },
          "id": 41,
          "disableStackInteraction": false,
          "dropItemsWhenNotBound": true,
          "name": "Slot #41",
          "x": 384,
          "y": 44
        }
      },
      {
        "type": "inputslot",
        "data": {
          "inputLimit": {
            "value": ""
          },
          "id": 42,
          "disableStackInteraction": false,
          "dropItemsWhenNotBound": true,
          "name": "Slot #42",
          "x": 24,
          "y": 62
        }
      },
      {
        "type": "inputslot",
        "data": {
          "inputLimit": {
            "value": ""
          },
          "id": 43,
          "disableStackInteraction": false,
          "dropItemsWhenNotBound": true,
          "name": "Slot #43",
          "x": 42,
          "y": 62
        }
      },
      {
        "type": "inputslot",
        "data": {
          "inputLimit": {
            "value": ""
          },
          "id": 44,
          "disableStackInteraction": false,
          "dropItemsWhenNotBound": true,
          "name": "Slot #44",
          "x": 60,
          "y": 62
        }
      },
      {
        "type": "inputslot",
        "data": {
          "inputLimit": {
            "value": ""
          },
          "id": 45,
          "disableStackInteraction": false,
          "dropItemsWhenNotBound": true,
          "name": "Slot #45",
          "x": 78,
          "y": 62
        }
      },
      {
        "type": "inputslot",
        "data": {
          "inputLimit": {
            "value": ""
          },
          "id": 46,
          "disableStackInteraction": false,
          "dropItemsWhenNotBound": true,
          "name": "Slot #46",
          "x": 96,
          "y": 62
        }
      },
      {
        "type": "inputslot",
        "data": {
          "inputLimit": {
            "value": ""
          },
          "id": 47,
          "disableStackInteraction": false,
          "dropItemsWhenNotBound": true,
          "name": "Slot #47",
          "x": 114,
          "y": 62
        }
      },
      {
        "type": "inputslot",
        "data": {
          "inputLimit": {
            "value": ""
          },
          "id": 48,
          "disableStackInteraction": false,
          "dropItemsWhenNotBound": true,
          "name": "Slot #48",
          "x": 132,
          "y": 62
        }
      },
      {
        "type": "inputslot",
        "data": {
          "inputLimit": {
            "value": ""
          },
          "id": 49,
          "disableStackInteraction": false,
          "dropItemsWhenNotBound": true,
          "name": "Slot #49",
          "x": 150,
          "y": 62
        }
      },
      {
        "type": "inputslot",
        "data": {
          "inputLimit": {
            "value": ""
          },
          "id": 50,
          "disableStackInteraction": false,
          "dropItemsWhenNotBound": true,
          "name": "Slot #50",
          "x": 168,
          "y": 62
        }
      },
      {
        "type": "inputslot",
        "data": {
          "inputLimit": {
            "value": ""
          },
          "id": 51,
          "disableStackInteraction": false,
          "dropItemsWhenNotBound": true,
          "name": "Slot #51",
          "x": 186,
          "y": 62
        }
      },
      {
        "type": "inputslot",
        "data": {
          "inputLimit": {
            "value": ""
          },
          "id": 52,
          "disableStackInteraction": false,
          "dropItemsWhenNotBound": true,
          "name": "Slot #52",
          "x": 204,
          "y": 62
        }
      },
      {
        "type": "inputslot",
        "data": {
          "inputLimit": {
            "value": ""
          },
          "id": 53,
          "disableStackInteraction": false,
          "dropItemsWhenNotBound": true,
          "name": "Slot #53",
          "x": 222,
          "y": 62
        }
      },
      {
        "type": "inputslot",
        "data": {
          "inputLimit": {
            "value": ""
          },
          "id": 54,
          "disableStackInteraction": false,
          "dropItemsWhenNotBound": true,
          "name": "Slot #54",
          "x": 240,
          "y": 62
        }
      },
      {
        "type": "inputslot",
        "data": {
          "inputLimit": {
            "value": ""
          },
          "id": 55,
          "disableStackInteraction": false,
          "dropItemsWhenNotBound": true,
          "name": "Slot #55",
          "x": 258,
          "y": 62
        }
      },
      {
        "type": "inputslot",
        "data": {
          "inputLimit": {
            "value": ""
          },
          "id": 56,
          "disableStackInteraction": false,
          "dropItemsWhenNotBound": true,
          "name": "Slot #56",
          "x": 276,
          "y": 62
        }
      },
      {
        "type": "inputslot",
        "data": {
          "inputLimit": {
            "value": ""
          },
          "id": 57,
          "disableStackInteraction": false,
          "dropItemsWhenNotBound": true,
          "name": "Slot #57",
          "x": 294,
          "y": 62
        }
      },
      {
        "type": "inputslot",
        "data": {
          "inputLimit": {
            "value": ""
          },
          "id": 58,
          "disableStackInteraction": false,
          "dropItemsWhenNotBound": true,
          "name": "Slot #58",
          "x": 312,
          "y": 62
        }
      },
      {
        "type": "inputslot",
        "data": {
          "inputLimit": {
            "value": ""
          },
          "id": 59,
          "disableStackInteraction": false,
          "dropItemsWhenNotBound": true,
          "name": "Slot #59",
          "x": 330,
          "y": 62
        }
      },
      {
        "type": "inputslot",
        "data": {
          "inputLimit": {
            "value": ""
          },
          "id": 60,
          "disableStackInteraction": false,
          "dropItemsWhenNotBound": true,
          "name": "Slot #60",
          "x": 348,
          "y": 62
        }
      },
      {
        "type": "inputslot",
        "data": {
          "inputLimit": {
            "value": ""
          },
          "id": 61,
          "disableStackInteraction": false,
          "dropItemsWhenNotBound": true,
          "name": "Slot #61",
          "x": 366,
          "y": 62
        }
      },
      {
        "type": "inputslot",
        "data": {
          "inputLimit": {
            "value": ""
          },
          "id": 62,
          "disableStackInteraction": false,
          "dropItemsWhenNotBound": true,
          "name": "Slot #62",
          "x": 384,
          "y": 62
        }
      },
      {
        "type": "inputslot",
        "data": {
          "inputLimit": {
            "value": ""
          },
          "id": 63,
          "disableStackInteraction": false,
          "dropItemsWhenNotBound": true,
          "name": "Slot #63",
          "x": 24,
          "y": 80
        }
      },
      {
        "type": "inputslot",
        "data": {
          "inputLimit": {
            "value": ""
          },
          "id": 64,
          "disableStackInteraction": false,
          "dropItemsWhenNotBound": true,
          "name": "Slot #64",
          "x": 42,
          "y": 80
        }
      },
      {
        "type": "inputslot",
        "data": {
          "inputLimit": {
            "value": ""
          },
          "id": 65,
          "disableStackInteraction": false,
          "dropItemsWhenNotBound": true,
          "name": "Slot #65",
          "x": 60,
          "y": 80
        }
      },
      {
        "type": "inputslot",
        "data": {
          "inputLimit": {
            "value": ""
          },
          "id": 66,
          "disableStackInteraction": false,
          "dropItemsWhenNotBound": true,
          "name": "Slot #66",
          "x": 78,
          "y": 80
        }
      },
      {
        "type": "inputslot",
        "data": {
          "inputLimit": {
            "value": ""
          },
          "id": 67,
          "disableStackInteraction": false,
          "dropItemsWhenNotBound": true,
          "name": "Slot #67",
          "x": 96,
          "y": 80
        }
      },
      {
        "type": "inputslot",
        "data": {
          "inputLimit": {
            "value": ""
          },
          "id": 68,
          "disableStackInteraction": false,
          "dropItemsWhenNotBound": true,
          "name": "Slot #68",
          "x": 114,
          "y": 80
        }
      },
      {
        "type": "inputslot",
        "data": {
          "inputLimit": {
            "value": ""
          },
          "id": 69,
          "disableStackInteraction": false,
          "dropItemsWhenNotBound": true,
          "name": "Slot #69",
          "x": 132,
          "y": 80
        }
      },
      {
        "type": "inputslot",
        "data": {
          "inputLimit": {
            "value": ""
          },
          "id": 70,
          "disableStackInteraction": false,
          "dropItemsWhenNotBound": true,
          "name": "Slot #70",
          "x": 150,
          "y": 80
        }
      },
      {
        "type": "inputslot",
        "data": {
          "inputLimit": {
            "value": ""
          },
          "id": 71,
          "disableStackInteraction": false,
          "dropItemsWhenNotBound": true,
          "name": "Slot #71",
          "x": 168,
          "y": 80
        }
      },
      {
        "type": "inputslot",
        "data": {
          "inputLimit": {
            "value": ""
          },
          "id": 72,
          "disableStackInteraction": false,
          "dropItemsWhenNotBound": true,
          "name": "Slot #72",
          "x": 186,
          "y": 80
        }
      },
      {
        "type": "inputslot",
        "data": {
          "inputLimit": {
            "value": ""
          },
          "id": 73,
          "disableStackInteraction": false,
          "dropItemsWhenNotBound": true,
          "name": "Slot #73",
          "x": 204,
          "y": 80
        }
      },
      {
        "type": "inputslot",
        "data": {
          "inputLimit": {
            "value": ""
          },
          "id": 74,
          "disableStackInteraction": false,
          "dropItemsWhenNotBound": true,
          "name": "Slot #74",
          "x": 222,
          "y": 80
        }
      },
      {
        "type": "inputslot",
        "data": {
          "inputLimit": {
            "value": ""
          },
          "id": 75,
          "disableStackInteraction": false,
          "dropItemsWhenNotBound": true,
          "name": "Slot #75",
          "x": 240,
          "y": 80
        }
      },
      {
        "type": "inputslot",
        "data": {
          "inputLimit": {
            "value": ""
          },
          "id": 76,
          "disableStackInteraction": false,
          "dropItemsWhenNotBound": true,
          "name": "Slot #76",
          "x": 258,
          "y": 80
        }
      },
      {
        "type": "inputslot",
        "data": {
          "inputLimit": {
            "value": ""
          },
          "id": 77,
          "disableStackInteraction": false,
          "dropItemsWhenNotBound": true,
          "name": "Slot #77",
          "x": 276,
          "y": 80
        }
      },
      {
        "type": "inputslot",
        "data": {
          "inputLimit": {
            "value": ""
          },
          "id": 78,
          "disableStackInteraction": false,
          "dropItemsWhenNotBound": true,
          "name": "Slot #78",
          "x": 294,
          "y": 80
        }
      },
      {
        "type": "inputslot",
        "data": {
          "inputLimit": {
            "value": ""
          },
          "id": 79,
          "disableStackInteraction": false,
          "dropItemsWhenNotBound": true,
          "name": "Slot #79",
          "x": 312,
          "y": 80
        }
      },
      {
        "type": "inputslot",
        "data": {
          "inputLimit": {
            "value": ""
          },
          "id": 80,
          "disableStackInteraction": false,
          "dropItemsWhenNotBound": true,
          "name": "Slot #80",
          "x": 330,
          "y": 80
        }
      },
      {
        "type": "inputslot",
        "data": {
          "inputLimit": {
            "value": ""
          },
          "id": 81,
          "disableStackInteraction": false,
          "dropItemsWhenNotBound": true,
          "name": "Slot #81",
          "x": 348,
          "y": 80
        }
      },
      {
        "type": "inputslot",
        "data": {
          "inputLimit": {
            "value": ""
          },
          "id": 82,
          "disableStackInteraction": false,
          "dropItemsWhenNotBound": true,
          "name": "Slot #82",
          "x": 366,
          "y": 80
        }
      },
      {
        "type": "inputslot",
        "data": {
          "inputLimit": {
            "value": ""
          },
          "id": 83,
          "disableStackInteraction": false,
          "dropItemsWhenNotBound": true,
          "name": "Slot #83",
          "x": 384,
          "y": 80
        }
      },
      {
        "type": "inputslot",
        "data": {
          "inputLimit": {
            "value": ""
          },
          "id": 84,
          "disableStackInteraction": false,
          "dropItemsWhenNotBound": true,
          "name": "Slot #84",
          "x": 24,
          "y": 98
        }
      },
      {
        "type": "inputslot",
        "data": {
          "inputLimit": {
            "value": ""
          },
          "id": 85,
          "disableStackInteraction": false,
          "dropItemsWhenNotBound": true,
          "name": "Slot #85",
          "x": 42,
          "y": 98
        }
      },
      {
        "type": "inputslot",
        "data": {
          "inputLimit": {
            "value": ""
          },
          "id": 86,
          "disableStackInteraction": false,
          "dropItemsWhenNotBound": true,
          "name": "Slot #86",
          "x": 60,
          "y": 98
        }
      },
      {
        "type": "inputslot",
        "data": {
          "inputLimit": {
            "value": ""
          },
          "id": 87,
          "disableStackInteraction": false,
          "dropItemsWhenNotBound": true,
          "name": "Slot #87",
          "x": 78,
          "y": 98
        }
      },
      {
        "type": "inputslot",
        "data": {
          "inputLimit": {
            "value": ""
          },
          "id": 88,
          "disableStackInteraction": false,
          "dropItemsWhenNotBound": true,
          "name": "Slot #88",
          "x": 96,
          "y": 98
        }
      },
      {
        "type": "inputslot",
        "data": {
          "inputLimit": {
            "value": ""
          },
          "id": 89,
          "disableStackInteraction": false,
          "dropItemsWhenNotBound": true,
          "name": "Slot #89",
          "x": 114,
          "y": 98
        }
      },
      {
        "type": "inputslot",
        "data": {
          "inputLimit": {
            "value": ""
          },
          "id": 90,
          "disableStackInteraction": false,
          "dropItemsWhenNotBound": true,
          "name": "Slot #90",
          "x": 132,
          "y": 98
        }
      },
      {
        "type": "inputslot",
        "data": {
          "inputLimit": {
            "value": ""
          },
          "id": 91,
          "disableStackInteraction": false,
          "dropItemsWhenNotBound": true,
          "name": "Slot #91",
          "x": 150,
          "y": 98
        }
      },
      {
        "type": "inputslot",
        "data": {
          "inputLimit": {
            "value": ""
          },
          "id": 92,
          "disableStackInteraction": false,
          "dropItemsWhenNotBound": true,
          "name": "Slot #92",
          "x": 168,
          "y": 98
        }
      },
      {
        "type": "inputslot",
        "data": {
          "inputLimit": {
            "value": ""
          },
          "id": 93,
          "disableStackInteraction": false,
          "dropItemsWhenNotBound": true,
          "name": "Slot #93",
          "x": 186,
          "y": 98
        }
      },
      {
        "type": "inputslot",
        "data": {
          "inputLimit": {
            "value": ""
          },
          "id": 94,
          "disableStackInteraction": false,
          "dropItemsWhenNotBound": true,
          "name": "Slot #94",
          "x": 204,
          "y": 98
        }
      },
      {
        "type": "inputslot",
        "data": {
          "inputLimit": {
            "value": ""
          },
          "id": 95,
          "disableStackInteraction": false,
          "dropItemsWhenNotBound": true,
          "name": "Slot #95",
          "x": 222,
          "y": 98
        }
      },
      {
        "type": "inputslot",
        "data": {
          "inputLimit": {
            "value": ""
          },
          "id": 96,
          "disableStackInteraction": false,
          "dropItemsWhenNotBound": true,
          "name": "Slot #96",
          "x": 240,
          "y": 98
        }
      },
      {
        "type": "inputslot",
        "data": {
          "inputLimit": {
            "value": ""
          },
          "id": 97,
          "disableStackInteraction": false,
          "dropItemsWhenNotBound": true,
          "name": "Slot #97",
          "x": 258,
          "y": 98
        }
      },
      {
        "type": "inputslot",
        "data": {
          "inputLimit": {
            "value": ""
          },
          "id": 98,
          "disableStackInteraction": false,
          "dropItemsWhenNotBound": true,
          "name": "Slot #98",
          "x": 276,
          "y": 98
        }
      },
      {
        "type": "inputslot",
        "data": {
          "inputLimit": {
            "value": ""
          },
          "id": 99,
          "disableStackInteraction": false,
          "dropItemsWhenNotBound": true,
          "name": "Slot #99",
          "x": 294,
          "y": 98
        }
      },
      {
        "type": "inputslot",
        "data": {
          "inputLimit": {
            "value": ""
          },
          "id": 100,
          "disableStackInteraction": false,
          "dropItemsWhenNotBound": true,
          "name": "Slot #100",
          "x": 312,
          "y": 98
        }
      },
      {
        "type": "inputslot",
        "data": {
          "inputLimit": {
            "value": ""
          },
          "id": 101,
          "disableStackInteraction": false,
          "dropItemsWhenNotBound": true,
          "name": "Slot #101",
          "x": 330,
          "y": 98
        }
      },
      {
        "type": "inputslot",
        "data": {
          "inputLimit": {
            "value": ""
          },
          "id": 102,
          "disableStackInteraction": false,
          "dropItemsWhenNotBound": true,
          "name": "Slot #102",
          "x": 348,
          "y": 98
        }
      },
      {
        "type": "inputslot",
        "data": {
          "inputLimit": {
            "value": ""
          },
          "id": 103,
          "disableStackInteraction": false,
          "dropItemsWhenNotBound": true,
          "name": "Slot #103",
          "x": 366,
          "y": 98
        }
      },
      {
        "type": "inputslot",
        "data": {
          "inputLimit": {
            "value": ""
          },
          "id": 104,
          "disableStackInteraction": false,
          "dropItemsWhenNotBound": true,
          "name": "Slot #104",
          "x": 384,
          "y": 98
        }
      },
      {
        "type": "image",
        "data": {
          "image": "ya_suo_cao_.png",
          "use1Xscale": true,
          "name": "ya_suo_cao_.png",
          "x": 24,
          "y": 116
        }
      },
      {
        "type": "image",
        "data": {
          "image": "ya_suo_cao_.png",
          "use1Xscale": true,
          "name": "ya_suo_cao_.png",
          "x": 303,
          "y": 116
        }
      }
    ],
    "gridSettings": {
      "sx": 18,
      "sy": 18,
      "ox": 11,
      "oy": 15,
      "snapOnGrid": true
    }
  }
}