{
  "_fv": 33,
  "_type": "tool",
  "definition": {
    "renderType": 0,
    "texture": "enchanted_axe",
    "customModelName": "Normal",
    "name": "Enchanted Grass Axe",
    "specialInfo": [],
    "creativeTab": {
      "value": "CUSTOM:Tools"
    },
    "toolType": "Axe",
    "harvestLevel": 20,
    "efficiency": 25.0,
    "attackSpeed": 1.0,
    "enchantability": 120,
    "damageVsEntity": 45.0,
    "usageCount": 5250,
    "blocksAffected": [],
    "hasGlow": false,
    "repairItems": [
      {
        "value": "CUSTOM:EnchantedGrass"
      }
    ],
    "immuneToFire": false,
    "stayInGridWhenCrafting": false,
    "damageOnCrafting": false,
    "onItemInUseTick": {
      "name": "EnchantedAxeOnhand"
    }
  }
}