{
  "_fv": 33,
  "_type": "armor",
  "definition": {
    "enableHelmet": true,
    "textureHelmet": "enchanted_head",
    "enableBody": true,
    "textureBody": "enchanted_body",
    "enableLeggings": true,
    "textureLeggings": "enchanted_leggings",
    "enableBoots": true,
    "textureBoots": "enchanted_boots",
    "creativeTab": {
      "value": "COMBAT"
    },
    "armorTextureFile": "enchanted",
    "helmetName": "Enchanted Grass Helmet",
    "bodyName": "Enchanted Grass Chestplate",
    "leggingsName": "Enchanted Grass Leggings",
    "bootsName": "Enchanted Grass Boots",
    "helmetSpecialInfo": [],
    "bodySpecialInfo": [],
    "leggingsSpecialInfo": [],
    "bootsSpecialInfo": [],
    "helmetModelName": "Default",
    "helmetModelPart": "Helmet",
    "helmetModelTexture": "From armor",
    "bodyModelName": "Default",
    "bodyModelPart": "Body",
    "armsModelPartL": "Arms L",
    "armsModelPartR": "Arms R",
    "bodyModelTexture": "From armor",
    "leggingsModelName": "Default",
    "leggingsModelPartL": "Leggings L",
    "leggingsModelPartR": "Leggings R",
    "leggingsModelTexture": "From armor",
    "bootsModelName": "Default",
    "bootsModelPartL": "Boots L",
    "bootsModelPartR": "Boots R",
    "bootsModelTexture": "From armor",
    "helmetImmuneToFire": false,
    "bodyImmuneToFire": false,
    "leggingsImmuneToFire": false,
    "bootsImmuneToFire": false,
    "maxDamage": 215,
    "damageValueHelmet": 25,
    "damageValueBody": 37,
    "damageValueLeggings": 27,
    "damageValueBoots": 17,
    "enchantability": 80,
    "toughness": 7.0,
    "knockbackResistance": 0.9,
    "equipSound": {
      "value": ""
    },
    "repairItems": [
      {
        "value": "CUSTOM:EnchantedGrass"
      }
    ]
  }
}