{
  "_fv": 33,
  "_type": "dimension",
  "definition": {
    "biomesInDimension": [
      {
        "value": "CUSTOM:GrassBiome"
      }
    ],
    "worldGenType": "Normal world gen",
    "mainFillerBlock": {
      "value": "CUSTOM:GrassWoodPlanks"
    },
    "fluidBlock": {
      "value": "Blocks.FLOWING_WATER"
    },
    "canRespawnHere": true,
    "hasFog": true,
    "isDark": false,
    "doesWaterVaporize": false,
    "sleepResult": "ALLOW",
    "hasSkyLight": true,
    "imitateOverworldBehaviour": false,
    "portalFrame": {
      "value": "CUSTOM:GrassBlock"
    },
    "portalParticles": {
      "value": "EXPLOSION_NORMAL"
    },
    "portalLuminance": 1,
    "portalSound": {
      "value": "block.portal.ambient"
    },
    "igniterName": "Grass Dimension Portal Igniter",
    "igniterTab": {
      "value": "CUSTOM:Tools"
    },
    "texture": "black",
    "portalTexture": "grass_block",
    "enablePortal": true
  }
}