{
  "_fv": 33,
  "_type": "recipe",
  "definition": {
    "recipeType": "Crafting",
    "xpReward": 0.0,
    "cookingTime": 200,
    "recipeRetstackSize": 1,
    "group": "",
    "recipeShapeless": false,
    "recipeSlots": [
      {
        "value": "CUSTOM:NonupleCompressedGrass"
      },
      {
        "value": "CUSTOM:NonupleCompressedGrass"
      },
      {
        "value": "CUSTOM:NonupleCompressedGrass"
      },
      {
        "value": "CUSTOM:NonupleCompressedGrass"
      },
      {
        "value": "CUSTOM:NonupleCompressedGrass"
      },
      {
        "value": "CUSTOM:NonupleCompressedGrass"
      },
      {
        "value": "CUSTOM:NonupleCompressedGrass"
      },
      {
        "value": "CUSTOM:NonupleCompressedGrass"
      },
      {
        "value": "CUSTOM:NonupleCompressedGrass"
      }
    ],
    "recipeReturnStack": {
      "value": "CUSTOM:LimitCompressedGrass"
    },
    "name": "limit_compressed_grass_synthesis",
    "namespace": "mod"
  }
}