{
  "_fv": 33,
  "_type": "villagertrade",
  "definition": {
    "tradeEntries": [
      {
        "villagerProfession": {
          "value": "FARMER"
        },
        "entries": [
          {
            "price1": {
              "value": "CUSTOM:SpawnAuthor"
            },
            "countPrice1": 1,
            "price2": {
              "value": "Blocks.NETHERITE_BLOCK"
            },
            "countPrice2": 1,
            "offer": {
              "value": "CUSTOM:NonupleCompressedGrass"
            },
            "countOffer": 1,
            "level": 1,
            "maxTrades": 100,
            "xp": 30,
            "priceMultiplier": 0.01
          }
        ]
      }
    ]
  }
}