{
  "_fv": 33,
  "_type": "tool",
  "definition": {
    "renderType": 0,
    "texture": "quintuplecompressedgrasstools_shovel",
    "customModelName": "Normal",
    "name": "QuintupleCompressedGrassTools Shovel",
    "specialInfo": [],
    "creativeTab": {
      "value": "CUSTOM:Tools"
    },
    "toolType": "Spade",
    "harvestLevel": 4,
    "efficiency": 9.0,
    "attackSpeed": 1.0,
    "enchantability": 28,
    "damageVsEntity": 4.0,
    "usageCount": 660,
    "blocksAffected": [],
    "hasGlow": false,
    "repairItems": [
      {
        "value": "CUSTOM:QuintupleCompressedGrass"
      }
    ],
    "immuneToFire": false,
    "stayInGridWhenCrafting": false,
    "damageOnCrafting": false
  }
}