{
  "_fv": 33,
  "_type": "armor",
  "definition": {
    "enableHelmet": true,
    "textureHelmet": "septuple_head",
    "enableBody": true,
    "textureBody": "septuple_body",
    "enableLeggings": true,
    "textureLeggings": "septuple_leggings",
    "enableBoots": true,
    "textureBoots": "septuple_boots",
    "onHelmetTick": {
      "name": "SeptupleArmorHead"
    },
    "onBodyTick": {
      "name": "SeptupleArmorChestplate"
    },
    "creativeTab": {
      "value": "CUSTOM:GrassArmor"
    },
    "armorTextureFile": "septuple",
    "helmetName": "Septuple Compressed Grass Helmet",
    "bodyName": "Septuple Compressed Grass Chestplate",
    "leggingsName": "Septuple Compressed Grass Leggings",
    "bootsName": "Septuple Compressed Grass Boots",
    "helmetSpecialInfo": [],
    "bodySpecialInfo": [],
    "leggingsSpecialInfo": [],
    "bootsSpecialInfo": [],
    "helmetModelName": "Default",
    "helmetModelPart": "Helmet",
    "helmetModelTexture": "From armor",
    "bodyModelName": "Default",
    "bodyModelPart": "Body",
    "armsModelPartL": "Arms L",
    "armsModelPartR": "Arms R",
    "bodyModelTexture": "From armor",
    "leggingsModelName": "Default",
    "leggingsModelPartL": "Leggings L",
    "leggingsModelPartR": "Leggings R",
    "leggingsModelTexture": "From armor",
    "bootsModelName": "Default",
    "bootsModelPartL": "Boots L",
    "bootsModelPartR": "Boots R",
    "bootsModelTexture": "From armor",
    "helmetImmuneToFire": false,
    "bodyImmuneToFire": false,
    "leggingsImmuneToFire": false,
    "bootsImmuneToFire": false,
    "maxDamage": 150,
    "damageValueHelmet": 9,
    "damageValueBody": 11,
    "damageValueLeggings": 10,
    "damageValueBoots": 8,
    "enchantability": 90,
    "toughness": 0.23,
    "knockbackResistance": 0.3,
    "equipSound": {
      "value": ""
    },
    "repairItems": [
      {
        "value": "CUSTOM:SeptupleCompressedGrass"
      }
    ]
  }
}