{
  "_fv": 33,
  "_type": "recipe",
  "definition": {
    "recipeType": "Crafting",
    "xpReward": 0.0,
    "cookingTime": 200,
    "recipeRetstackSize": 1,
    "group": "",
    "recipeShapeless": false,
    "recipeSlots": [
      {
        "value": "CUSTOM:GrassIngot"
      },
      {
        "value": "CUSTOM:GrassBlock"
      },
      {
        "value": "CUSTOM:GrassIngot"
      },
      {
        "value": "CUSTOM:SextupleCompressedGrass"
      },
      {
        "value": "Items.BOOK"
      },
      {
        "value": "CUSTOM:SextupleCompressedGrass"
      },
      {
        "value": "CUSTOM:GrassIngot"
      },
      {
        "value": "CUSTOM:GrassBlock"
      },
      {
        "value": "CUSTOM:GrassIngot"
      }
    ],
    "recipeReturnStack": {
      "value": "CUSTOM:SpawnAuthor"
    },
    "name": "spawn_author_synthesis",
    "namespace": "mod"
  }
}