{
  "display": {
    "icon": {
      "item": "compressed_grass:septuple_armor_helmet"
    },
    "title": {
      "translate": "advancements.black_head.title"
    },
    "description": {
      "translate": "advancements.black_head.descr"
    },
    "frame": "task",
    "show_toast": true,
    "announce_to_chat": true,
    "hidden": false
  },
  "criteria": {
    "black_head": {
      "trigger": "minecraft:inventory_changed",
      "conditions": {
        "items": [
          {
            "item": "compressed_grass:septuple_armor_helmet",
            "count": {
              "min": 1,
              "max": 1
            }
          }
        ]
      }
    }
  },
  "parent": "compressed_grass:so_green"
}