{
  "display": {
    "background": "minecraft:textures/block/stone.png",
    "icon": {
      "item": "compressed_grass:septuple_compressed_grass"
    },
    "title": {
      "translate": "advancements.over_question.title"
    },
    "description": {
      "translate": "advancements.over_question.descr"
    },
    "frame": "task",
    "show_toast": true,
    "announce_to_chat": true,
    "hidden": true
  },
  "criteria": {
    "over_question": {
      "trigger": "minecraft:inventory_changed",
      "conditions": {
        "items": [
          {
            "item": "compressed_grass:septuple_compressed_grass",
            "count": {
              "min": 1,
              "max": 2304
            }
          }
        ]
      }
    }
  }
}