{
  "display": {
    "background": "minecraft:textures/block/stone.png",
    "icon": {
      "item": "compressed_grass:compressed_grass_armor_armor_helmet"
    },
    "title": {
      "translate": "advancements.so_green.title"
    },
    "description": {
      "translate": "advancements.so_green.descr"
    },
    "frame": "task",
    "show_toast": true,
    "announce_to_chat": true,
    "hidden": false
  },
  "criteria": {
    "so_green": {
      "trigger": "minecraft:inventory_changed",
      "conditions": {
        "items": [
          {
            "item": "compressed_grass:compressed_grass_armor_armor_helmet",
            "count": {
              "min": 1,
              "max": 1
            }
          }
        ]
      }
    }
  }
}