{
  "type": "minecraft:crafting_shaped",
  "pattern": [
    "012",
    "345",
    " 7 "
  ],
  "key": {
    "0": {
      "item": "compressed_grass:double_compressed_grass"
    },
    "1": {
      "item": "compressed_grass:double_compressed_grass"
    },
    "2": {
      "item": "compressed_grass:double_compressed_grass"
    },
    "3": {
      "item": "compressed_grass:compressed_grass_string"
    },
    "4": {
      "item": "compressed_grass:winding_grass_sticks"
    },
    "5": {
      "item": "compressed_grass:compressed_grass_string"
    },
    "7": {
      "item": "compressed_grass:winding_grass_sticks"
    }
  },
  "result": {
    "item": "compressed_grass:double_compressed_grass_tools_pickaxe",
    "count": 1
  }
}