{
  "type": "minecraft:crafting_shaped",
  "pattern": [
    " 1",
    "23",
    "45"
  ],
  "key": {
    "1": {
      "item": "compressed_grass:sextuple_compressed_grass"
    },
    "2": {
      "item": "compressed_grass:compressed_grass_string"
    },
    "3": {
      "item": "compressed_grass:sextuple_compressed_grass"
    },
    "4": {
      "item": "compressed_grass:compressed_grass_string"
    },
    "5": {
      "item": "compressed_grass:winding_grass_sticks"
    }
  },
  "result": {
    "item": "compressed_grass:sextuple_compressed_grass_tools_sword",
    "count": 1
  }
}