{
  "type": "minecraft:crafting_shaped",
  "pattern": [
    "01",
    "23",
    " 5"
  ],
  "key": {
    "0": {
      "item": "compressed_grass:compressed_grass_string"
    },
    "1": {
      "item": "compressed_grass:sextuple_compressed_grass"
    },
    "2": {
      "item": "compressed_grass:compressed_grass_string"
    },
    "3": {
      "item": "compressed_grass:winding_grass_sticks"
    },
    "5": {
      "item": "compressed_grass:winding_grass_sticks"
    }
  },
  "result": {
    "item": "compressed_grass:sextuple_compressed_grass_tools_shovel",
    "count": 1
  }
}