{
  "type": "minecraft:crafting_shapeless",
  "ingredients": [
    {
      "item": "compressed_grass:double_compressed_grass"
    },
    {
      "item": "compressed_grass:double_compressed_grass"
    },
    {
      "item": "compressed_grass:double_compressed_grass"
    },
    {
      "item": "compressed_grass:double_compressed_grass"
    },
    {
      "item": "compressed_grass:double_compressed_grass"
    },
    {
      "item": "compressed_grass:double_compressed_grass"
    },
    {
      "item": "compressed_grass:double_compressed_grass"
    },
    {
      "item": "compressed_grass:double_compressed_grass"
    },
    {
      "item": "compressed_grass:double_compressed_grass"
    }
  ],
  "result": {
    "item": "compressed_grass:triple_compressed_grass",
    "count": 1
  }
}