{
  "_fv": 28,
  "_type": "gui",
  "definition": {
    "type": 0,
    "width": 176,
    "height": 166,
    "inventoryOffsetX": 0,
    "inventoryOffsetY": 0,
    "renderBgLayer": true,
    "doesPauseGame": false,
    "components": [
      {
        "type": "label",
        "data": {
          "text": "About",
          "color": {
            "value": -16777216,
            "falpha": 0.0
          },
          "name": "About",
          "x": 195,
          "y": 44
        }
      },
      {
        "type": "label",
        "data": {
          "text": "The remade Compressed Grass",
          "color": {
            "value": -12829636,
            "falpha": 0.0
          },
          "name": "The remade Compressed Grass",
          "x": 150,
          "y": 53
        }
      },
      {
        "type": "label",
        "data": {
          "text": "made by Adenx updates original",
          "color": {
            "value": -12829636,
            "falpha": 0.0
          },
          "name": "made by Adenx updates original",
          "x": 132,
          "y": 62
        }
      },
      {
        "type": "label",
        "data": {
          "text": "1.7.10 version of the mod to",
          "color": {
            "value": -12829636,
            "falpha": 0.0
          },
          "name": "1.7.10 version of the mod to",
          "x": 132,
          "y": 71
        }
      },
      {
        "type": "label",
        "data": {
          "text": "1.16.5.",
          "color": {
            "value": -12829636,
            "falpha": 0.0
          },
          "name": "1.16.5.",
          "x": 132,
          "y": 80
        }
      },
      {
        "type": "label",
        "data": {
          "text": "I have sent a request to",
          "color": {
            "value": -12829636,
            "falpha": 0.0
          },
          "name": "I have sent a request to",
          "x": 150,
          "y": 107
        }
      },
      {
        "type": "label",
        "data": {
          "text": "Cooperation",
          "color": {
            "value": -16777216,
            "falpha": 0.0
          },
          "name": "Cooperation",
          "x": 186,
          "y": 98
        }
      },
      {
        "type": "label",
        "data": {
          "text": "NeversXD(author of 1.7.10) on",
          "color": {
            "value": -12829636,
            "falpha": 0.0
          },
          "name": "NeversXD(author of 1.7.10) on",
          "x": 132,
          "y": 116
        }
      },
      {
        "type": "label",
        "data": {
          "text": "CurseForge to co-produce version",
          "color": {
            "value": -12829636,
            "falpha": 0.0
          },
          "name": "CurseForge to co-produce version",
          "x": 132,
          "y": 125
        }
      },
      {
        "type": "label",
        "data": {
          "text": "1.16.5. I found the user with",
          "color": {
            "value": -12829636,
            "falpha": 0.0
          },
          "name": "1.16.5. I found the user with",
          "x": 132,
          "y": 134
        }
      },
      {
        "type": "label",
        "data": {
          "text": "the same name on Github,but I",
          "color": {
            "value": -12829636,
            "falpha": 0.0
          },
          "name": "the same name on Github,but I",
          "x": 132,
          "y": 143
        }
      },
      {
        "type": "label",
        "data": {
          "text": "couldn't check the warehouse,so",
          "color": {
            "value": -12829636,
            "falpha": 0.0
          },
          "name": "couldn't check the warehouse,so",
          "x": 132,
          "y": 152
        }
      },
      {
        "type": "label",
        "data": {
          "text": "I didn't send a message to him",
          "color": {
            "value": -12829636,
            "falpha": 0.0
          },
          "name": "I didn't send a message to him",
          "x": 132,
          "y": 161
        }
      },
      {
        "type": "label",
        "data": {
          "text": "on Github.",
          "color": {
            "value": -12829636,
            "falpha": 0.0
          },
          "name": "on Github.",
          "x": 132,
          "y": 170
        }
      },
      {
        "type": "button",
        "data": {
          "text": "Next Page",
          "width": 72,
          "height": 20,
          "name": "Next Page",
          "x": 222,
          "y": 179
        }
      }
    ],
    "gridSettings": {
      "sx": 18,
      "sy": 18,
      "ox": 11,
      "oy": 15,
      "snapOnGrid": true
    }
  }
}