{
  "_fv": 28,
  "_type": "recipe",
  "definition": {
    "recipeType": "Crafting",
    "xpReward": 0.0,
    "cookingTime": 200,
    "recipeRetstackSize": 1,
    "group": "",
    "recipeShapeless": false,
    "recipeSlots": [
      {
        "value": "CUSTOM:BrokenGrassNugget"
      },
      {
        "value": "CUSTOM:GrassNugget"
      },
      {
        "value": "CUSTOM:BrokenGrassNugget"
      },
      {
        "value": "CUSTOM:GrassIngot"
      },
      {
        "value": "CUSTOM:GrassBlock"
      },
      {
        "value": "CUSTOM:GrassIngot"
      },
      {
        "value": "CUSTOM:BrokenGrassNugget"
      },
      {
        "value": "CUSTOM:GrassNugget"
      },
      {
        "value": "CUSTOM:BrokenGrassNugget"
      }
    ],
    "recipeReturnStack": {
      "value": "CUSTOM:GrassMedicine"
    },
    "name": "grass_medicine_synthesis",
    "namespace": "mod"
  }
}