{
  "_fv": 28,
  "_type": "item",
  "definition": {
    "renderType": 0,
    "texture": "chest2",
    "customModelName": "Normal",
    "name": "Grass Bag",
    "rarity": "COMMON",
    "creativeTab": {
      "value": "CUSTOM:Grass"
    },
    "stackSize": 64,
    "enchantability": 0,
    "useDuration": 0,
    "toolType": 1.0,
    "damageCount": 0,
    "recipeRemainder": {
      "value": ""
    },
    "destroyAnyBlock": false,
    "immuneToFire": false,
    "stayInGridWhenCrafting": false,
    "damageOnCrafting": false,
    "enableMeleeDamage": false,
    "damageVsEntity": 0.0,
    "specialInfo": [
      "设想提供者：Annijang",
      "提供时间：2022/4/28"
    ],
    "hasGlow": false,
    "guiBoundTo": "GrassBagGUI",
    "inventorySize": 105,
    "inventoryStackSize": 64,
    "hasDispenseBehavior": false,
    "isFood": false,
    "nutritionalValue": 4,
    "saturation": 0.3,
    "eatResultItem": {
      "value": ""
    },
    "isMeat": false,
    "isAlwaysEdible": false,
    "animation": "block"
  }
}