{
  "_fv": 28,
  "_type": "item",
  "definition": {
    "renderType": 0,
    "texture": "making",
    "customModelName": "Normal",
    "name": "Mashed Weeds",
    "rarity": "COMMON",
    "creativeTab": {
      "value": "CUSTOM:Grass"
    },
    "stackSize": 64,
    "enchantability": 0,
    "useDuration": 1,
    "toolType": 1.0,
    "damageCount": 0,
    "recipeRemainder": {
      "value": ""
    },
    "destroyAnyBlock": false,
    "immuneToFire": false,
    "stayInGridWhenCrafting": false,
    "damageOnCrafting": false,
    "enableMeleeDamage": false,
    "damageVsEntity": 0.0,
    "specialInfo": [],
    "hasGlow": false,
    "guiBoundTo": "<NONE>",
    "inventorySize": 9,
    "inventoryStackSize": 16,
    "onFinishUsingItem": {
      "name": "MashedWeedsEatEffect"
    },
    "hasDispenseBehavior": false,
    "isFood": true,
    "nutritionalValue": 1,
    "saturation": 1.0,
    "eatResultItem": {
      "value": ""
    },
    "isMeat": false,
    "isAlwaysEdible": true,
    "animation": "eat"
  }
}