{
  "_fv": 33,
  "_type": "armor",
  "definition": {
    "enableHelmet": true,
    "textureHelmet": "nonuplegrass_head",
    "enableBody": true,
    "textureBody": "nonuplegrass_body",
    "enableLeggings": true,
    "textureLeggings": "nonuplegrass_leggings",
    "enableBoots": true,
    "textureBoots": "nonuplegrass_boots",
    "creativeTab": {
      "value": "COMBAT"
    },
    "armorTextureFile": "nonuplegrass",
    "helmetName": "NonupleGrass Helmet",
    "bodyName": "NonupleGrass Chestplate",
    "leggingsName": "NonupleGrass Leggings",
    "bootsName": "NonupleGrass Boots",
    "helmetSpecialInfo": [],
    "bodySpecialInfo": [],
    "leggingsSpecialInfo": [],
    "bootsSpecialInfo": [],
    "helmetModelName": "Default",
    "helmetModelPart": "Helmet",
    "helmetModelTexture": "From armor",
    "bodyModelName": "Default",
    "bodyModelPart": "Body",
    "armsModelPartL": "Arms L",
    "armsModelPartR": "Arms R",
    "bodyModelTexture": "From armor",
    "leggingsModelName": "Default",
    "leggingsModelPartL": "Leggings L",
    "leggingsModelPartR": "Leggings R",
    "leggingsModelTexture": "From armor",
    "bootsModelName": "Default",
    "bootsModelPartL": "Boots L",
    "bootsModelPartR": "Boots R",
    "bootsModelTexture": "From armor",
    "helmetImmuneToFire": false,
    "bodyImmuneToFire": false,
    "leggingsImmuneToFire": false,
    "bootsImmuneToFire": false,
    "maxDamage": 120,
    "damageValueHelmet": 13,
    "damageValueBody": 30,
    "damageValueLeggings": 20,
    "damageValueBoots": 14,
    "enchantability": 72,
    "toughness": 5.0,
    "knockbackResistance": 0.7,
    "equipSound": {
      "value": ""
    },
    "repairItems": [
      {
        "value": "CUSTOM:NonupleCompressedGrass"
      }
    ]
  }
}