{
  "_fv": 33,
  "_type": "armor",
  "definition": {
    "enableHelmet": true,
    "textureHelmet": "octuple_head",
    "enableBody": true,
    "textureBody": "octuple_body",
    "enableLeggings": true,
    "textureLeggings": "octuple_leggings",
    "enableBoots": true,
    "textureBoots": "octuple_boots",
    "creativeTab": {
      "value": "COMBAT"
    },
    "armorTextureFile": "octuple",
    "helmetName": "Octuple Helmet",
    "bodyName": "Octuple Chestplate",
    "leggingsName": "Octuple Leggings",
    "bootsName": "Octuple Boots",
    "helmetSpecialInfo": [],
    "bodySpecialInfo": [],
    "leggingsSpecialInfo": [],
    "bootsSpecialInfo": [],
    "helmetModelName": "Default",
    "helmetModelPart": "Helmet",
    "helmetModelTexture": "From armor",
    "bodyModelName": "Default",
    "bodyModelPart": "Body",
    "armsModelPartL": "Arms L",
    "armsModelPartR": "Arms R",
    "bodyModelTexture": "From armor",
    "leggingsModelName": "Default",
    "leggingsModelPartL": "Leggings L",
    "leggingsModelPartR": "Leggings R",
    "leggingsModelTexture": "From armor",
    "bootsModelName": "Default",
    "bootsModelPartL": "Boots L",
    "bootsModelPartR": "Boots R",
    "bootsModelTexture": "From armor",
    "helmetImmuneToFire": false,
    "bodyImmuneToFire": false,
    "leggingsImmuneToFire": false,
    "bootsImmuneToFire": false,
    "maxDamage": 105,
    "damageValueHelmet": 14,
    "damageValueBody": 35,
    "damageValueLeggings": 42,
    "damageValueBoots": 14,
    "enchantability": 63,
    "toughness": 0.4,
    "knockbackResistance": 0.4,
    "equipSound": {
      "value": ""
    },
    "repairItems": [
      {
        "value": "CUSTOM:OctupleCompressedGrass"
      }
    ]
  }
}