{
  "_fv": 28,
  "_type": "achievement",
  "definition": {
    "achievementName": "Over?",
    "achievementDescription": "Is it over?",
    "achievementIcon": {
      "value": "CUSTOM:SeptupleCompressedGrass"
    },
    "background": "Default",
    "disableDisplay": false,
    "showPopup": true,
    "announceToChat": true,
    "hideIfNotCompleted": true,
    "rewardLoot": [],
    "rewardRecipes": [],
    "rewardFunction": "No function",
    "rewardXP": 0,
    "achievementType": "task",
    "parent": {
      "value": "No parent: root"
    },
    "triggerxml": "<xml xmlns=\"https://developers.google.com/blockly/xml\"><block type=\"item_in_inventory\" x=\"-160\" y=\"66\"><value name=\"amount_l\"><block type=\"math_number\"><field name=\"NUM\">1</field></block></value><value name=\"amount_h\"><block type=\"math_number\"><field name=\"NUM\">2304</field></block></value><value name=\"item\"><block type=\"mcitem_all\"><field name=\"value\">CUSTOM:SeptupleCompressedGrass</field></block></value><next><block type=\"advancement_trigger\"></block></next></block></xml>"
  }
}