{
  "_fv": 33,
  "_type": "armor",
  "definition": {
    "enableHelmet": true,
    "textureHelmet": "quintuplecompressedgrassarmor_head",
    "enableBody": true,
    "textureBody": "quintuplecompressedgrassarmor_body",
    "enableLeggings": true,
    "textureLeggings": "quintuplecompressedgrassarmor_leggings",
    "enableBoots": true,
    "textureBoots": "quintuplecompressedgrassarmor_boots",
    "creativeTab": {
      "value": "CUSTOM:GrassArmor"
    },
    "armorTextureFile": "quintuplecompressedgrassarmor",
    "helmetName": "Quintuple Compressed Grass Helmet",
    "bodyName": "Quintuple Compressed Grass Chestplate",
    "leggingsName": "Quintuple Compressed Grass Leggings",
    "bootsName": "Quintuple Compressed Grass Boots",
    "helmetSpecialInfo": [],
    "bodySpecialInfo": [],
    "leggingsSpecialInfo": [],
    "bootsSpecialInfo": [],
    "helmetModelName": "Default",
    "helmetModelPart": "Helmet",
    "helmetModelTexture": "From armor",
    "bodyModelName": "Default",
    "bodyModelPart": "Body",
    "armsModelPartL": "Arms L",
    "armsModelPartR": "Arms R",
    "bodyModelTexture": "From armor",
    "leggingsModelName": "Default",
    "leggingsModelPartL": "Leggings L",
    "leggingsModelPartR": "Leggings R",
    "leggingsModelTexture": "From armor",
    "bootsModelName": "Default",
    "bootsModelPartL": "Boots L",
    "bootsModelPartR": "Boots R",
    "bootsModelTexture": "From armor",
    "helmetImmuneToFire": false,
    "bodyImmuneToFire": false,
    "leggingsImmuneToFire": false,
    "bootsImmuneToFire": false,
    "maxDamage": 15,
    "damageValueHelmet": 6,
    "damageValueBody": 7,
    "damageValueLeggings": 6,
    "damageValueBoots": 5,
    "enchantability": 10,
    "toughness": 0.2,
    "knockbackResistance": 0.15,
    "equipSound": {
      "value": ""
    },
    "repairItems": [
      {
        "value": "CUSTOM:QuintupleCompressedGrass"
      }
    ]
  }
}