{
  "_fv": 28,
  "_type": "villagertrade",
  "definition": {
    "tradeEntries": [
      {
        "villagerProfession": {
          "value": "FARMER"
        },
        "entries": [
          {
            "price1": {
              "value": "Blocks.DIAMOND_BLOCK"
            },
            "countPrice1": 16,
            "price2": {
              "value": ""
            },
            "countPrice2": 1,
            "offer": {
              "value": "CUSTOM:SextupleCompressedGrass"
            },
            "countOffer": 1,
            "level": 1,
            "maxTrades": 5,
            "xp": 10,
            "priceMultiplier": 0.3
          }
        ]
      }
    ]
  }
}