{
  "_fv": 28,
  "_type": "recipe",
  "definition": {
    "recipeType": "Crafting",
    "xpReward": 0.0,
    "cookingTime": 200,
    "recipeRetstackSize": 1,
    "group": "",
    "recipeShapeless": false,
    "recipeSlots": [
      {
        "value": "CUSTOM:TripleCompressedGrass"
      },
      {
        "value": "CUSTOM:TripleCompressedGrassString"
      },
      {
        "value": "CUSTOM:TripleCompressedGrass"
      },
      {
        "value": "CUSTOM:TripleCompressedGrass"
      },
      {
        "value": "CUSTOM:GrassIngot"
      },
      {
        "value": "CUSTOM:TripleCompressedGrass"
      },
      {
        "value": "CUSTOM:TripleCompressedGrass"
      },
      {
        "value": "CUSTOM:TripleCompressedGrass"
      },
      {
        "value": "CUSTOM:TripleCompressedGrass"
      }
    ],
    "recipeReturnStack": {
      "value": "CUSTOM:TripleCompressedGrassArmorArmor.body"
    },
    "name": "triple_compressed_grass_armor_armor_body_recipe",
    "namespace": "mod"
  }
}