{
  "_fv": 34,
  "_type": "livingentity",
  "definition": {
    "mobName": "Author",
    "mobLabel": "Author",
    "mobModelName": "Biped",
    "mobModelTexture": "4883872936521475518.png",
    "mobModelGlowTexture": "",
    "modelWidth": 0.6,
    "modelHeight": 1.8,
    "modelShadowSize": 0.5,
    "mountedYOffset": 0.0,
    "hasSpawnEgg": true,
    "spawnEggBaseColor": {
      "value": -10029295,
      "falpha": 0.0
    },
    "spawnEggDotColor": {
      "value": -16755968,
      "falpha": 0.0
    },
    "creativeTab": {
      "value": "MISC"
    },
    "isBoss": true,
    "bossBarColor": "RED",
    "bossBarType": "PROGRESS",
    "equipmentMainHand": {
      "value": "CUSTOM:NonupleGrassSword"
    },
    "equipmentOffHand": {
      "value": ""
    },
    "equipmentHelmet": {
      "value": "CUSTOM:NonupleGrassArmor.helmet"
    },
    "equipmentBody": {
      "value": "CUSTOM:NonupleGrassArmor.body"
    },
    "equipmentLeggings": {
      "value": "CUSTOM:NonupleGrassArmor.legs"
    },
    "equipmentBoots": {
      "value": "CUSTOM:NonupleGrassArmor.boots"
    },
    "mobBehaviourType": "Mob",
    "mobCreatureType": "UNDEFINED",
    "attackStrength": 20,
    "attackKnockback": 3.0,
    "knockbackResistance": 5.0,
    "movementSpeed": 2.0,
    "armorBaseValue": 15.0,
    "trackingRange": 256,
    "followRange": 64,
    "health": 500,
    "xpAmount": 100,
    "waterMob": false,
    "flyingMob": false,
    "guiBoundTo": "<NONE>",
    "inventorySize": 9,
    "inventoryStackSize": 64,
    "disableCollisions": false,
    "ridable": false,
    "canControlForward": false,
    "canControlStrafe": false,
    "immuneToFire": false,
    "immuneToArrows": false,
    "immuneToFallDamage": true,
    "immuneToCactus": true,
    "immuneToDrowning": true,
    "immuneToLightning": true,
    "immuneToPotions": true,
    "immuneToPlayer": false,
    "immuneToExplosion": true,
    "immuneToTrident": false,
    "immuneToAnvil": true,
    "immuneToWither": true,
    "immuneToDragonBreath": true,
    "mobDrop": {
      "value": ""
    },
    "livingSound": {
      "value": ""
    },
    "hurtSound": {
      "value": "entity.generic.hurt"
    },
    "deathSound": {
      "value": "entity.generic.death"
    },
    "stepSound": {
      "value": "ambient.cave"
    },
    "spawnParticles": false,
    "particleToSpawn": {
      "value": "CUSTOM:GrassParticles"
    },
    "particleSpawningShape": "Spread",
    "particleSpawningRadious": 0.5,
    "particleAmount": 5,
    "onStruckByLightning": {
      "name": "AuthorLightning"
    },
    "whenMobFalls": {
      "name": "AuthorFall"
    },
    "whenMobIsHurt": {
      "name": "AuthorDangHurt"
    },
    "onPlayerCollidesWith": {
      "name": "AuthorCollisionPlayer"
    },
    "onInitialSpawn": {
      "name": "AuthorSpawn"
    },
    "hasAI": true,
    "aiBase": "(none)",
    "aixml": "<xml xmlns=\"https://developers.google.com/blockly/xml\"><block type=\"aitasks_container\" deletable=\"false\" x=\"187\" y=\"49\"><next><block type=\"attack_on_collide\"><field name=\"speed\">0.5</field><field name=\"longmemory\">FALSE</field><field name=\"condition\">null,null</field><next><block type=\"wander\"><field name=\"speed\">0.1</field><field name=\"condition\">null,null</field><next><block type=\"attack_action\"><field name=\"callhelp\">FALSE</field><field name=\"condition\">null,null</field><next><block type=\"look_around\"><field name=\"condition\">null,null</field><next><block type=\"swim_in_water\"><field name=\"condition\">null,null</field></block></next></block></next></block></next></block></next></block></next></block></xml>",
    "breedable": false,
    "tameable": false,
    "breedTriggerItems": [],
    "ranged": false,
    "rangedAttackItem": {
      "value": ""
    },
    "rangedItemType": "Default item",
    "spawnThisMob": false,
    "doesDespawnWhenIdle": false,
    "spawningProbability": 20,
    "mobSpawningType": "monster",
    "minNumberOfMobsPerGroup": 4,
    "maxNumberOfMobsPerGroup": 4,
    "restrictionBiomes": [],
    "spawnInDungeons": false
  }
}