{
  "_fv": 34,
  "_type": "gui",
  "definition": {
    "type": 1,
    "width": 422,
    "height": 197,
    "inventoryOffsetX": 0,
    "inventoryOffsetY": 17,
    "renderBgLayer": true,
    "doesPauseGame": false,
    "components": [
      {
        "type": "inputslot",
        "data": {
          "inputLimit": {
            "value": ""
          },
          "id": 0,
          "disableStackInteraction": false,
          "dropItemsWhenNotBound": true,
          "name": "Slot #0",
          "x": 6,
          "y": 26
        }
      },
      {
        "type": "inputslot",
        "data": {
          "inputLimit": {
            "value": ""
          },
          "id": 1,
          "disableStackInteraction": false,
          "dropItemsWhenNotBound": true,
          "name": "Slot #1",
          "x": 24,
          "y": 26
        }
      },
      {
        "type": "inputslot",
        "data": {
          "inputLimit": {
            "value": ""
          },
          "id": 2,
          "disableStackInteraction": false,
          "dropItemsWhenNotBound": true,
          "name": "Slot #2",
          "x": 42,
          "y": 26
        }
      },
      {
        "type": "inputslot",
        "data": {
          "inputLimit": {
            "value": ""
          },
          "id": 3,
          "disableStackInteraction": false,
          "dropItemsWhenNotBound": true,
          "name": "Slot #3",
          "x": 60,
          "y": 26
        }
      },
      {
        "type": "inputslot",
        "data": {
          "inputLimit": {
            "value": ""
          },
          "id": 4,
          "disableStackInteraction": false,
          "dropItemsWhenNotBound": true,
          "name": "Slot #4",
          "x": 78,
          "y": 26
        }
      },
      {
        "type": "inputslot",
        "data": {
          "inputLimit": {
            "value": ""
          },
          "id": 5,
          "disableStackInteraction": false,
          "dropItemsWhenNotBound": true,
          "name": "Slot #5",
          "x": 96,
          "y": 26
        }
      },
      {
        "type": "inputslot",
        "data": {
          "inputLimit": {
            "value": ""
          },
          "id": 6,
          "disableStackInteraction": false,
          "dropItemsWhenNotBound": true,
          "name": "Slot #6",
          "x": 114,
          "y": 26
        }
      },
      {
        "type": "inputslot",
        "data": {
          "inputLimit": {
            "value": ""
          },
          "id": 7,
          "disableStackInteraction": false,
          "dropItemsWhenNotBound": true,
          "name": "Slot #7",
          "x": 132,
          "y": 26
        }
      },
      {
        "type": "inputslot",
        "data": {
          "inputLimit": {
            "value": ""
          },
          "id": 8,
          "disableStackInteraction": false,
          "dropItemsWhenNotBound": true,
          "name": "Slot #8",
          "x": 150,
          "y": 26
        }
      },
      {
        "type": "inputslot",
        "data": {
          "inputLimit": {
            "value": ""
          },
          "id": 9,
          "disableStackInteraction": false,
          "dropItemsWhenNotBound": true,
          "name": "Slot #9",
          "x": 168,
          "y": 26
        }
      },
      {
        "type": "inputslot",
        "data": {
          "inputLimit": {
            "value": ""
          },
          "id": 10,
          "disableStackInteraction": false,
          "dropItemsWhenNotBound": true,
          "name": "Slot #10",
          "x": 186,
          "y": 26
        }
      },
      {
        "type": "inputslot",
        "data": {
          "inputLimit": {
            "value": ""
          },
          "id": 11,
          "disableStackInteraction": false,
          "dropItemsWhenNotBound": true,
          "name": "Slot #11",
          "x": 204,
          "y": 26
        }
      },
      {
        "type": "inputslot",
        "data": {
          "inputLimit": {
            "value": ""
          },
          "id": 12,
          "disableStackInteraction": false,
          "dropItemsWhenNotBound": true,
          "name": "Slot #12",
          "x": 222,
          "y": 26
        }
      },
      {
        "type": "inputslot",
        "data": {
          "inputLimit": {
            "value": ""
          },
          "id": 13,
          "disableStackInteraction": false,
          "dropItemsWhenNotBound": true,
          "name": "Slot #13",
          "x": 240,
          "y": 26
        }
      },
      {
        "type": "inputslot",
        "data": {
          "inputLimit": {
            "value": ""
          },
          "id": 14,
          "disableStackInteraction": false,
          "dropItemsWhenNotBound": true,
          "name": "Slot #14",
          "x": 258,
          "y": 26
        }
      },
      {
        "type": "inputslot",
        "data": {
          "inputLimit": {
            "value": ""
          },
          "id": 15,
          "disableStackInteraction": false,
          "dropItemsWhenNotBound": true,
          "name": "Slot #15",
          "x": 276,
          "y": 26
        }
      },
      {
        "type": "inputslot",
        "data": {
          "inputLimit": {
            "value": ""
          },
          "id": 16,
          "disableStackInteraction": false,
          "dropItemsWhenNotBound": true,
          "name": "Slot #16",
          "x": 294,
          "y": 26
        }
      },
      {
        "type": "inputslot",
        "data": {
          "inputLimit": {
            "value": ""
          },
          "id": 17,
          "disableStackInteraction": false,
          "dropItemsWhenNotBound": true,
          "name": "Slot #17",
          "x": 312,
          "y": 26
        }
      },
      {
        "type": "inputslot",
        "data": {
          "inputLimit": {
            "value": ""
          },
          "id": 18,
          "disableStackInteraction": false,
          "dropItemsWhenNotBound": true,
          "name": "Slot #18",
          "x": 330,
          "y": 26
        }
      },
      {
        "type": "inputslot",
        "data": {
          "inputLimit": {
            "value": ""
          },
          "id": 19,
          "disableStackInteraction": false,
          "dropItemsWhenNotBound": true,
          "name": "Slot #19",
          "x": 348,
          "y": 26
        }
      },
      {
        "type": "inputslot",
        "data": {
          "inputLimit": {
            "value": ""
          },
          "id": 20,
          "disableStackInteraction": false,
          "dropItemsWhenNotBound": true,
          "name": "Slot #20",
          "x": 366,
          "y": 26
        }
      },
      {
        "type": "inputslot",
        "data": {
          "inputLimit": {
            "value": ""
          },
          "id": 21,
          "disableStackInteraction": false,
          "dropItemsWhenNotBound": true,
          "name": "Slot #21",
          "x": 384,
          "y": 26
        }
      },
      {
        "type": "inputslot",
        "data": {
          "inputLimit": {
            "value": ""
          },
          "id": 22,
          "disableStackInteraction": false,
          "dropItemsWhenNotBound": true,
          "name": "Slot #22",
          "x": 402,
          "y": 26
        }
      },
      {
        "type": "inputslot",
        "data": {
          "inputLimit": {
            "value": ""
          },
          "id": 23,
          "disableStackInteraction": false,
          "dropItemsWhenNotBound": true,
          "name": "Slot #23",
          "x": 6,
          "y": 44
        }
      },
      {
        "type": "inputslot",
        "data": {
          "inputLimit": {
            "value": ""
          },
          "id": 24,
          "disableStackInteraction": false,
          "dropItemsWhenNotBound": true,
          "name": "Slot #24",
          "x": 24,
          "y": 44
        }
      },
      {
        "type": "inputslot",
        "data": {
          "inputLimit": {
            "value": ""
          },
          "id": 25,
          "disableStackInteraction": false,
          "dropItemsWhenNotBound": true,
          "name": "Slot #25",
          "x": 42,
          "y": 44
        }
      },
      {
        "type": "inputslot",
        "data": {
          "inputLimit": {
            "value": ""
          },
          "id": 26,
          "disableStackInteraction": false,
          "dropItemsWhenNotBound": true,
          "name": "Slot #26",
          "x": 60,
          "y": 44
        }
      },
      {
        "type": "inputslot",
        "data": {
          "inputLimit": {
            "value": ""
          },
          "id": 27,
          "disableStackInteraction": false,
          "dropItemsWhenNotBound": true,
          "name": "Slot #27",
          "x": 78,
          "y": 44
        }
      },
      {
        "type": "inputslot",
        "data": {
          "inputLimit": {
            "value": ""
          },
          "id": 28,
          "disableStackInteraction": false,
          "dropItemsWhenNotBound": true,
          "name": "Slot #28",
          "x": 96,
          "y": 44
        }
      },
      {
        "type": "inputslot",
        "data": {
          "inputLimit": {
            "value": ""
          },
          "id": 29,
          "disableStackInteraction": false,
          "dropItemsWhenNotBound": true,
          "name": "Slot #29",
          "x": 114,
          "y": 44
        }
      },
      {
        "type": "inputslot",
        "data": {
          "inputLimit": {
            "value": ""
          },
          "id": 30,
          "disableStackInteraction": false,
          "dropItemsWhenNotBound": true,
          "name": "Slot #30",
          "x": 132,
          "y": 44
        }
      },
      {
        "type": "inputslot",
        "data": {
          "inputLimit": {
            "value": ""
          },
          "id": 31,
          "disableStackInteraction": false,
          "dropItemsWhenNotBound": true,
          "name": "Slot #31",
          "x": 150,
          "y": 44
        }
      },
      {
        "type": "inputslot",
        "data": {
          "inputLimit": {
            "value": ""
          },
          "id": 32,
          "disableStackInteraction": false,
          "dropItemsWhenNotBound": true,
          "name": "Slot #32",
          "x": 168,
          "y": 44
        }
      },
      {
        "type": "inputslot",
        "data": {
          "inputLimit": {
            "value": ""
          },
          "id": 33,
          "disableStackInteraction": false,
          "dropItemsWhenNotBound": true,
          "name": "Slot #33",
          "x": 186,
          "y": 44
        }
      },
      {
        "type": "inputslot",
        "data": {
          "inputLimit": {
            "value": ""
          },
          "id": 34,
          "disableStackInteraction": false,
          "dropItemsWhenNotBound": true,
          "name": "Slot #34",
          "x": 204,
          "y": 44
        }
      },
      {
        "type": "inputslot",
        "data": {
          "inputLimit": {
            "value": ""
          },
          "id": 35,
          "disableStackInteraction": false,
          "dropItemsWhenNotBound": true,
          "name": "Slot #35",
          "x": 222,
          "y": 44
        }
      },
      {
        "type": "inputslot",
        "data": {
          "inputLimit": {
            "value": ""
          },
          "id": 36,
          "disableStackInteraction": false,
          "dropItemsWhenNotBound": true,
          "name": "Slot #36",
          "x": 240,
          "y": 44
        }
      },
      {
        "type": "inputslot",
        "data": {
          "inputLimit": {
            "value": ""
          },
          "id": 37,
          "disableStackInteraction": false,
          "dropItemsWhenNotBound": true,
          "name": "Slot #37",
          "x": 258,
          "y": 44
        }
      },
      {
        "type": "inputslot",
        "data": {
          "inputLimit": {
            "value": ""
          },
          "id": 38,
          "disableStackInteraction": false,
          "dropItemsWhenNotBound": true,
          "name": "Slot #38",
          "x": 276,
          "y": 44
        }
      },
      {
        "type": "inputslot",
        "data": {
          "inputLimit": {
            "value": ""
          },
          "id": 39,
          "disableStackInteraction": false,
          "dropItemsWhenNotBound": true,
          "name": "Slot #39",
          "x": 294,
          "y": 44
        }
      },
      {
        "type": "inputslot",
        "data": {
          "inputLimit": {
            "value": ""
          },
          "id": 40,
          "disableStackInteraction": false,
          "dropItemsWhenNotBound": true,
          "name": "Slot #40",
          "x": 312,
          "y": 44
        }
      },
      {
        "type": "inputslot",
        "data": {
          "inputLimit": {
            "value": ""
          },
          "id": 41,
          "disableStackInteraction": false,
          "dropItemsWhenNotBound": true,
          "name": "Slot #41",
          "x": 330,
          "y": 44
        }
      },
      {
        "type": "inputslot",
        "data": {
          "inputLimit": {
            "value": ""
          },
          "id": 42,
          "disableStackInteraction": false,
          "dropItemsWhenNotBound": true,
          "name": "Slot #42",
          "x": 348,
          "y": 44
        }
      },
      {
        "type": "inputslot",
        "data": {
          "inputLimit": {
            "value": ""
          },
          "id": 43,
          "disableStackInteraction": false,
          "dropItemsWhenNotBound": true,
          "name": "Slot #43",
          "x": 366,
          "y": 44
        }
      },
      {
        "type": "inputslot",
        "data": {
          "inputLimit": {
            "value": ""
          },
          "id": 44,
          "disableStackInteraction": false,
          "dropItemsWhenNotBound": true,
          "name": "Slot #44",
          "x": 384,
          "y": 44
        }
      },
      {
        "type": "inputslot",
        "data": {
          "inputLimit": {
            "value": ""
          },
          "id": 45,
          "disableStackInteraction": false,
          "dropItemsWhenNotBound": true,
          "name": "Slot #45",
          "x": 402,
          "y": 44
        }
      },
      {
        "type": "inputslot",
        "data": {
          "inputLimit": {
            "value": ""
          },
          "id": 46,
          "disableStackInteraction": false,
          "dropItemsWhenNotBound": true,
          "name": "Slot #46",
          "x": 6,
          "y": 62
        }
      },
      {
        "type": "inputslot",
        "data": {
          "inputLimit": {
            "value": ""
          },
          "id": 47,
          "disableStackInteraction": false,
          "dropItemsWhenNotBound": false,
          "name": "Slot #47",
          "x": 24,
          "y": 62
        }
      },
      {
        "type": "inputslot",
        "data": {
          "inputLimit": {
            "value": ""
          },
          "id": 48,
          "disableStackInteraction": false,
          "dropItemsWhenNotBound": true,
          "name": "Slot #48",
          "x": 42,
          "y": 62
        }
      },
      {
        "type": "inputslot",
        "data": {
          "inputLimit": {
            "value": ""
          },
          "id": 49,
          "disableStackInteraction": false,
          "dropItemsWhenNotBound": true,
          "name": "Slot #49",
          "x": 60,
          "y": 62
        }
      },
      {
        "type": "inputslot",
        "data": {
          "inputLimit": {
            "value": ""
          },
          "id": 50,
          "disableStackInteraction": false,
          "dropItemsWhenNotBound": true,
          "name": "Slot #50",
          "x": 78,
          "y": 62
        }
      },
      {
        "type": "inputslot",
        "data": {
          "inputLimit": {
            "value": ""
          },
          "id": 51,
          "disableStackInteraction": false,
          "dropItemsWhenNotBound": true,
          "name": "Slot #51",
          "x": 96,
          "y": 62
        }
      },
      {
        "type": "inputslot",
        "data": {
          "inputLimit": {
            "value": ""
          },
          "id": 52,
          "disableStackInteraction": false,
          "dropItemsWhenNotBound": true,
          "name": "Slot #52",
          "x": 114,
          "y": 62
        }
      },
      {
        "type": "inputslot",
        "data": {
          "inputLimit": {
            "value": ""
          },
          "id": 53,
          "disableStackInteraction": false,
          "dropItemsWhenNotBound": true,
          "name": "Slot #53",
          "x": 132,
          "y": 62
        }
      },
      {
        "type": "inputslot",
        "data": {
          "inputLimit": {
            "value": ""
          },
          "id": 54,
          "disableStackInteraction": false,
          "dropItemsWhenNotBound": true,
          "name": "Slot #54",
          "x": 150,
          "y": 62
        }
      },
      {
        "type": "inputslot",
        "data": {
          "inputLimit": {
            "value": ""
          },
          "id": 55,
          "disableStackInteraction": false,
          "dropItemsWhenNotBound": true,
          "name": "Slot #55",
          "x": 168,
          "y": 62
        }
      },
      {
        "type": "inputslot",
        "data": {
          "inputLimit": {
            "value": ""
          },
          "id": 56,
          "disableStackInteraction": false,
          "dropItemsWhenNotBound": true,
          "name": "Slot #56",
          "x": 186,
          "y": 62
        }
      },
      {
        "type": "inputslot",
        "data": {
          "inputLimit": {
            "value": ""
          },
          "id": 57,
          "disableStackInteraction": false,
          "dropItemsWhenNotBound": true,
          "name": "Slot #57",
          "x": 204,
          "y": 62
        }
      },
      {
        "type": "inputslot",
        "data": {
          "inputLimit": {
            "value": ""
          },
          "id": 58,
          "disableStackInteraction": false,
          "dropItemsWhenNotBound": true,
          "name": "Slot #58",
          "x": 222,
          "y": 62
        }
      },
      {
        "type": "inputslot",
        "data": {
          "inputLimit": {
            "value": ""
          },
          "id": 59,
          "disableStackInteraction": false,
          "dropItemsWhenNotBound": true,
          "name": "Slot #59",
          "x": 240,
          "y": 62
        }
      },
      {
        "type": "inputslot",
        "data": {
          "inputLimit": {
            "value": ""
          },
          "id": 60,
          "disableStackInteraction": false,
          "dropItemsWhenNotBound": true,
          "name": "Slot #60",
          "x": 258,
          "y": 62
        }
      },
      {
        "type": "inputslot",
        "data": {
          "inputLimit": {
            "value": ""
          },
          "id": 61,
          "disableStackInteraction": false,
          "dropItemsWhenNotBound": true,
          "name": "Slot #61",
          "x": 276,
          "y": 62
        }
      },
      {
        "type": "inputslot",
        "data": {
          "inputLimit": {
            "value": ""
          },
          "id": 62,
          "disableStackInteraction": false,
          "dropItemsWhenNotBound": true,
          "name": "Slot #62",
          "x": 294,
          "y": 62
        }
      },
      {
        "type": "inputslot",
        "data": {
          "inputLimit": {
            "value": ""
          },
          "id": 63,
          "disableStackInteraction": false,
          "dropItemsWhenNotBound": true,
          "name": "Slot #63",
          "x": 312,
          "y": 62
        }
      },
      {
        "type": "inputslot",
        "data": {
          "inputLimit": {
            "value": ""
          },
          "id": 64,
          "disableStackInteraction": false,
          "dropItemsWhenNotBound": true,
          "name": "Slot #64",
          "x": 330,
          "y": 62
        }
      },
      {
        "type": "inputslot",
        "data": {
          "inputLimit": {
            "value": ""
          },
          "id": 65,
          "disableStackInteraction": false,
          "dropItemsWhenNotBound": true,
          "name": "Slot #65",
          "x": 348,
          "y": 62
        }
      },
      {
        "type": "inputslot",
        "data": {
          "inputLimit": {
            "value": ""
          },
          "id": 66,
          "disableStackInteraction": false,
          "dropItemsWhenNotBound": true,
          "name": "Slot #66",
          "x": 366,
          "y": 62
        }
      },
      {
        "type": "inputslot",
        "data": {
          "inputLimit": {
            "value": ""
          },
          "id": 67,
          "disableStackInteraction": false,
          "dropItemsWhenNotBound": true,
          "name": "Slot #67",
          "x": 384,
          "y": 62
        }
      },
      {
        "type": "inputslot",
        "data": {
          "inputLimit": {
            "value": ""
          },
          "id": 68,
          "disableStackInteraction": false,
          "dropItemsWhenNotBound": true,
          "name": "Slot #68",
          "x": 402,
          "y": 62
        }
      },
      {
        "type": "inputslot",
        "data": {
          "inputLimit": {
            "value": ""
          },
          "id": 69,
          "disableStackInteraction": false,
          "dropItemsWhenNotBound": true,
          "name": "Slot #69",
          "x": 6,
          "y": 80
        }
      },
      {
        "type": "inputslot",
        "data": {
          "inputLimit": {
            "value": ""
          },
          "id": 70,
          "disableStackInteraction": false,
          "dropItemsWhenNotBound": true,
          "name": "Slot #70",
          "x": 24,
          "y": 80
        }
      },
      {
        "type": "inputslot",
        "data": {
          "inputLimit": {
            "value": ""
          },
          "id": 71,
          "disableStackInteraction": false,
          "dropItemsWhenNotBound": true,
          "name": "Slot #71",
          "x": 42,
          "y": 80
        }
      },
      {
        "type": "inputslot",
        "data": {
          "inputLimit": {
            "value": ""
          },
          "id": 72,
          "disableStackInteraction": false,
          "dropItemsWhenNotBound": true,
          "name": "Slot #72",
          "x": 60,
          "y": 80
        }
      },
      {
        "type": "inputslot",
        "data": {
          "inputLimit": {
            "value": ""
          },
          "id": 73,
          "disableStackInteraction": false,
          "dropItemsWhenNotBound": true,
          "name": "Slot #73",
          "x": 78,
          "y": 80
        }
      },
      {
        "type": "inputslot",
        "data": {
          "inputLimit": {
            "value": ""
          },
          "id": 74,
          "disableStackInteraction": false,
          "dropItemsWhenNotBound": true,
          "name": "Slot #74",
          "x": 96,
          "y": 80
        }
      },
      {
        "type": "inputslot",
        "data": {
          "inputLimit": {
            "value": ""
          },
          "id": 75,
          "disableStackInteraction": false,
          "dropItemsWhenNotBound": true,
          "name": "Slot #75",
          "x": 114,
          "y": 80
        }
      },
      {
        "type": "inputslot",
        "data": {
          "inputLimit": {
            "value": ""
          },
          "id": 76,
          "disableStackInteraction": false,
          "dropItemsWhenNotBound": true,
          "name": "Slot #76",
          "x": 132,
          "y": 80
        }
      },
      {
        "type": "inputslot",
        "data": {
          "inputLimit": {
            "value": ""
          },
          "id": 77,
          "disableStackInteraction": false,
          "dropItemsWhenNotBound": true,
          "name": "Slot #77",
          "x": 150,
          "y": 80
        }
      },
      {
        "type": "inputslot",
        "data": {
          "inputLimit": {
            "value": ""
          },
          "id": 78,
          "disableStackInteraction": false,
          "dropItemsWhenNotBound": true,
          "name": "Slot #78",
          "x": 168,
          "y": 80
        }
      },
      {
        "type": "inputslot",
        "data": {
          "inputLimit": {
            "value": ""
          },
          "id": 79,
          "disableStackInteraction": false,
          "dropItemsWhenNotBound": true,
          "name": "Slot #79",
          "x": 186,
          "y": 80
        }
      },
      {
        "type": "inputslot",
        "data": {
          "inputLimit": {
            "value": ""
          },
          "id": 80,
          "disableStackInteraction": false,
          "dropItemsWhenNotBound": true,
          "name": "Slot #80",
          "x": 204,
          "y": 80
        }
      },
      {
        "type": "inputslot",
        "data": {
          "inputLimit": {
            "value": ""
          },
          "id": 81,
          "disableStackInteraction": false,
          "dropItemsWhenNotBound": true,
          "name": "Slot #81",
          "x": 222,
          "y": 80
        }
      },
      {
        "type": "inputslot",
        "data": {
          "inputLimit": {
            "value": ""
          },
          "id": 82,
          "disableStackInteraction": false,
          "dropItemsWhenNotBound": true,
          "name": "Slot #82",
          "x": 240,
          "y": 80
        }
      },
      {
        "type": "inputslot",
        "data": {
          "inputLimit": {
            "value": ""
          },
          "id": 83,
          "disableStackInteraction": false,
          "dropItemsWhenNotBound": true,
          "name": "Slot #83",
          "x": 258,
          "y": 80
        }
      },
      {
        "type": "inputslot",
        "data": {
          "inputLimit": {
            "value": ""
          },
          "id": 84,
          "disableStackInteraction": false,
          "dropItemsWhenNotBound": true,
          "name": "Slot #84",
          "x": 276,
          "y": 80
        }
      },
      {
        "type": "inputslot",
        "data": {
          "inputLimit": {
            "value": ""
          },
          "id": 85,
          "disableStackInteraction": false,
          "dropItemsWhenNotBound": true,
          "name": "Slot #85",
          "x": 294,
          "y": 80
        }
      },
      {
        "type": "inputslot",
        "data": {
          "inputLimit": {
            "value": ""
          },
          "id": 86,
          "disableStackInteraction": false,
          "dropItemsWhenNotBound": true,
          "name": "Slot #86",
          "x": 312,
          "y": 80
        }
      },
      {
        "type": "inputslot",
        "data": {
          "inputLimit": {
            "value": ""
          },
          "id": 87,
          "disableStackInteraction": false,
          "dropItemsWhenNotBound": true,
          "name": "Slot #87",
          "x": 330,
          "y": 80
        }
      },
      {
        "type": "inputslot",
        "data": {
          "inputLimit": {
            "value": ""
          },
          "id": 88,
          "disableStackInteraction": false,
          "dropItemsWhenNotBound": true,
          "name": "Slot #88",
          "x": 348,
          "y": 80
        }
      },
      {
        "type": "inputslot",
        "data": {
          "inputLimit": {
            "value": ""
          },
          "id": 89,
          "disableStackInteraction": false,
          "dropItemsWhenNotBound": true,
          "name": "Slot #89",
          "x": 366,
          "y": 80
        }
      },
      {
        "type": "inputslot",
        "data": {
          "inputLimit": {
            "value": ""
          },
          "id": 90,
          "disableStackInteraction": false,
          "dropItemsWhenNotBound": true,
          "name": "Slot #90",
          "x": 384,
          "y": 80
        }
      },
      {
        "type": "inputslot",
        "data": {
          "inputLimit": {
            "value": ""
          },
          "id": 91,
          "disableStackInteraction": false,
          "dropItemsWhenNotBound": true,
          "name": "Slot #91",
          "x": 402,
          "y": 80
        }
      },
      {
        "type": "inputslot",
        "data": {
          "inputLimit": {
            "value": ""
          },
          "id": 92,
          "disableStackInteraction": false,
          "dropItemsWhenNotBound": true,
          "name": "Slot #92",
          "x": 6,
          "y": 98
        }
      },
      {
        "type": "inputslot",
        "data": {
          "inputLimit": {
            "value": ""
          },
          "id": 93,
          "disableStackInteraction": false,
          "dropItemsWhenNotBound": true,
          "name": "Slot #93",
          "x": 24,
          "y": 98
        }
      },
      {
        "type": "inputslot",
        "data": {
          "inputLimit": {
            "value": ""
          },
          "id": 94,
          "disableStackInteraction": false,
          "dropItemsWhenNotBound": true,
          "name": "Slot #94",
          "x": 42,
          "y": 98
        }
      },
      {
        "type": "inputslot",
        "data": {
          "inputLimit": {
            "value": ""
          },
          "id": 95,
          "disableStackInteraction": false,
          "dropItemsWhenNotBound": true,
          "name": "Slot #95",
          "x": 60,
          "y": 98
        }
      },
      {
        "type": "inputslot",
        "data": {
          "inputLimit": {
            "value": ""
          },
          "id": 96,
          "disableStackInteraction": false,
          "dropItemsWhenNotBound": true,
          "name": "Slot #96",
          "x": 78,
          "y": 98
        }
      },
      {
        "type": "inputslot",
        "data": {
          "inputLimit": {
            "value": ""
          },
          "id": 97,
          "disableStackInteraction": false,
          "dropItemsWhenNotBound": true,
          "name": "Slot #97",
          "x": 96,
          "y": 98
        }
      },
      {
        "type": "inputslot",
        "data": {
          "inputLimit": {
            "value": ""
          },
          "id": 98,
          "disableStackInteraction": false,
          "dropItemsWhenNotBound": true,
          "name": "Slot #98",
          "x": 114,
          "y": 98
        }
      },
      {
        "type": "inputslot",
        "data": {
          "inputLimit": {
            "value": ""
          },
          "id": 99,
          "disableStackInteraction": false,
          "dropItemsWhenNotBound": true,
          "name": "Slot #99",
          "x": 132,
          "y": 98
        }
      },
      {
        "type": "inputslot",
        "data": {
          "inputLimit": {
            "value": ""
          },
          "id": 100,
          "disableStackInteraction": false,
          "dropItemsWhenNotBound": true,
          "name": "Slot #100",
          "x": 150,
          "y": 98
        }
      },
      {
        "type": "inputslot",
        "data": {
          "inputLimit": {
            "value": ""
          },
          "id": 101,
          "disableStackInteraction": false,
          "dropItemsWhenNotBound": true,
          "name": "Slot #101",
          "x": 168,
          "y": 98
        }
      },
      {
        "type": "inputslot",
        "data": {
          "inputLimit": {
            "value": ""
          },
          "id": 102,
          "disableStackInteraction": false,
          "dropItemsWhenNotBound": true,
          "name": "Slot #102",
          "x": 186,
          "y": 98
        }
      },
      {
        "type": "inputslot",
        "data": {
          "inputLimit": {
            "value": ""
          },
          "id": 103,
          "disableStackInteraction": false,
          "dropItemsWhenNotBound": true,
          "name": "Slot #103",
          "x": 204,
          "y": 98
        }
      },
      {
        "type": "inputslot",
        "data": {
          "inputLimit": {
            "value": ""
          },
          "id": 104,
          "disableStackInteraction": false,
          "dropItemsWhenNotBound": true,
          "name": "Slot #104",
          "x": 222,
          "y": 98
        }
      },
      {
        "type": "inputslot",
        "data": {
          "inputLimit": {
            "value": ""
          },
          "id": 105,
          "disableStackInteraction": false,
          "dropItemsWhenNotBound": true,
          "name": "Slot #105",
          "x": 240,
          "y": 98
        }
      },
      {
        "type": "inputslot",
        "data": {
          "inputLimit": {
            "value": ""
          },
          "id": 106,
          "disableStackInteraction": false,
          "dropItemsWhenNotBound": true,
          "name": "Slot #106",
          "x": 258,
          "y": 98
        }
      },
      {
        "type": "inputslot",
        "data": {
          "inputLimit": {
            "value": ""
          },
          "id": 107,
          "disableStackInteraction": false,
          "dropItemsWhenNotBound": true,
          "name": "Slot #107",
          "x": 276,
          "y": 98
        }
      },
      {
        "type": "inputslot",
        "data": {
          "inputLimit": {
            "value": ""
          },
          "id": 108,
          "disableStackInteraction": false,
          "dropItemsWhenNotBound": true,
          "name": "Slot #108",
          "x": 294,
          "y": 98
        }
      },
      {
        "type": "inputslot",
        "data": {
          "inputLimit": {
            "value": ""
          },
          "id": 109,
          "disableStackInteraction": false,
          "dropItemsWhenNotBound": true,
          "name": "Slot #109",
          "x": 312,
          "y": 98
        }
      },
      {
        "type": "inputslot",
        "data": {
          "inputLimit": {
            "value": ""
          },
          "id": 110,
          "disableStackInteraction": false,
          "dropItemsWhenNotBound": true,
          "name": "Slot #110",
          "x": 330,
          "y": 98
        }
      },
      {
        "type": "inputslot",
        "data": {
          "inputLimit": {
            "value": ""
          },
          "id": 111,
          "disableStackInteraction": false,
          "dropItemsWhenNotBound": true,
          "name": "Slot #111",
          "x": 348,
          "y": 98
        }
      },
      {
        "type": "inputslot",
        "data": {
          "inputLimit": {
            "value": ""
          },
          "id": 112,
          "disableStackInteraction": false,
          "dropItemsWhenNotBound": true,
          "name": "Slot #112",
          "x": 366,
          "y": 98
        }
      },
      {
        "type": "inputslot",
        "data": {
          "inputLimit": {
            "value": ""
          },
          "id": 113,
          "disableStackInteraction": false,
          "dropItemsWhenNotBound": true,
          "name": "Slot #113",
          "x": 384,
          "y": 98
        }
      },
      {
        "type": "inputslot",
        "data": {
          "inputLimit": {
            "value": ""
          },
          "id": 114,
          "disableStackInteraction": false,
          "dropItemsWhenNotBound": true,
          "name": "Slot #114",
          "x": 402,
          "y": 98
        }
      },
      {
        "type": "inputslot",
        "data": {
          "inputLimit": {
            "value": ""
          },
          "id": 115,
          "disableStackInteraction": false,
          "dropItemsWhenNotBound": true,
          "name": "Slot #115",
          "x": 6,
          "y": 116
        }
      },
      {
        "type": "inputslot",
        "data": {
          "inputLimit": {
            "value": ""
          },
          "id": 116,
          "disableStackInteraction": false,
          "dropItemsWhenNotBound": true,
          "name": "Slot #116",
          "x": 24,
          "y": 116
        }
      },
      {
        "type": "inputslot",
        "data": {
          "inputLimit": {
            "value": ""
          },
          "id": 117,
          "disableStackInteraction": false,
          "dropItemsWhenNotBound": true,
          "name": "Slot #117",
          "x": 42,
          "y": 116
        }
      },
      {
        "type": "inputslot",
        "data": {
          "inputLimit": {
            "value": ""
          },
          "id": 118,
          "disableStackInteraction": false,
          "dropItemsWhenNotBound": true,
          "name": "Slot #118",
          "x": 60,
          "y": 116
        }
      },
      {
        "type": "inputslot",
        "data": {
          "inputLimit": {
            "value": ""
          },
          "id": 119,
          "disableStackInteraction": false,
          "dropItemsWhenNotBound": true,
          "name": "Slot #119",
          "x": 78,
          "y": 116
        }
      },
      {
        "type": "inputslot",
        "data": {
          "inputLimit": {
            "value": ""
          },
          "id": 120,
          "disableStackInteraction": false,
          "dropItemsWhenNotBound": true,
          "name": "Slot #120",
          "x": 96,
          "y": 116
        }
      },
      {
        "type": "inputslot",
        "data": {
          "inputLimit": {
            "value": ""
          },
          "id": 121,
          "disableStackInteraction": false,
          "dropItemsWhenNotBound": true,
          "name": "Slot #121",
          "x": 114,
          "y": 116
        }
      },
      {
        "type": "inputslot",
        "data": {
          "inputLimit": {
            "value": ""
          },
          "id": 122,
          "disableStackInteraction": false,
          "dropItemsWhenNotBound": true,
          "name": "Slot #122",
          "x": 132,
          "y": 116
        }
      },
      {
        "type": "inputslot",
        "data": {
          "inputLimit": {
            "value": ""
          },
          "id": 123,
          "disableStackInteraction": false,
          "dropItemsWhenNotBound": true,
          "name": "Slot #123",
          "x": 150,
          "y": 116
        }
      },
      {
        "type": "inputslot",
        "data": {
          "inputLimit": {
            "value": ""
          },
          "id": 124,
          "disableStackInteraction": false,
          "dropItemsWhenNotBound": true,
          "name": "Slot #124",
          "x": 168,
          "y": 116
        }
      },
      {
        "type": "inputslot",
        "data": {
          "inputLimit": {
            "value": ""
          },
          "id": 125,
          "disableStackInteraction": false,
          "dropItemsWhenNotBound": true,
          "name": "Slot #125",
          "x": 186,
          "y": 116
        }
      },
      {
        "type": "inputslot",
        "data": {
          "inputLimit": {
            "value": ""
          },
          "id": 126,
          "disableStackInteraction": false,
          "dropItemsWhenNotBound": true,
          "name": "Slot #126",
          "x": 204,
          "y": 116
        }
      },
      {
        "type": "inputslot",
        "data": {
          "inputLimit": {
            "value": ""
          },
          "id": 127,
          "disableStackInteraction": false,
          "dropItemsWhenNotBound": true,
          "name": "Slot #127",
          "x": 222,
          "y": 116
        }
      },
      {
        "type": "inputslot",
        "data": {
          "inputLimit": {
            "value": ""
          },
          "id": 128,
          "disableStackInteraction": false,
          "dropItemsWhenNotBound": true,
          "name": "Slot #128",
          "x": 240,
          "y": 116
        }
      },
      {
        "type": "inputslot",
        "data": {
          "inputLimit": {
            "value": ""
          },
          "id": 129,
          "disableStackInteraction": false,
          "dropItemsWhenNotBound": true,
          "name": "Slot #129",
          "x": 258,
          "y": 116
        }
      },
      {
        "type": "inputslot",
        "data": {
          "inputLimit": {
            "value": ""
          },
          "id": 130,
          "disableStackInteraction": false,
          "dropItemsWhenNotBound": true,
          "name": "Slot #130",
          "x": 276,
          "y": 116
        }
      },
      {
        "type": "inputslot",
        "data": {
          "inputLimit": {
            "value": ""
          },
          "id": 131,
          "disableStackInteraction": false,
          "dropItemsWhenNotBound": true,
          "name": "Slot #131",
          "x": 294,
          "y": 116
        }
      },
      {
        "type": "inputslot",
        "data": {
          "inputLimit": {
            "value": ""
          },
          "id": 132,
          "disableStackInteraction": false,
          "dropItemsWhenNotBound": true,
          "name": "Slot #132",
          "x": 312,
          "y": 116
        }
      },
      {
        "type": "inputslot",
        "data": {
          "inputLimit": {
            "value": ""
          },
          "id": 133,
          "disableStackInteraction": false,
          "dropItemsWhenNotBound": true,
          "name": "Slot #133",
          "x": 330,
          "y": 116
        }
      },
      {
        "type": "inputslot",
        "data": {
          "inputLimit": {
            "value": ""
          },
          "id": 134,
          "disableStackInteraction": false,
          "dropItemsWhenNotBound": true,
          "name": "Slot #134",
          "x": 348,
          "y": 116
        }
      },
      {
        "type": "inputslot",
        "data": {
          "inputLimit": {
            "value": ""
          },
          "id": 135,
          "disableStackInteraction": false,
          "dropItemsWhenNotBound": true,
          "name": "Slot #135",
          "x": 366,
          "y": 116
        }
      },
      {
        "type": "inputslot",
        "data": {
          "inputLimit": {
            "value": ""
          },
          "id": 136,
          "disableStackInteraction": false,
          "dropItemsWhenNotBound": true,
          "name": "Slot #136",
          "x": 384,
          "y": 116
        }
      },
      {
        "type": "inputslot",
        "data": {
          "inputLimit": {
            "value": ""
          },
          "id": 137,
          "disableStackInteraction": false,
          "dropItemsWhenNotBound": true,
          "name": "Slot #137",
          "x": 402,
          "y": 116
        }
      },
      {
        "type": "inputslot",
        "data": {
          "inputLimit": {
            "value": ""
          },
          "id": 138,
          "disableStackInteraction": false,
          "dropItemsWhenNotBound": true,
          "name": "Slot #138",
          "x": 6,
          "y": 134
        }
      },
      {
        "type": "inputslot",
        "data": {
          "inputLimit": {
            "value": ""
          },
          "id": 139,
          "disableStackInteraction": false,
          "dropItemsWhenNotBound": true,
          "name": "Slot #139",
          "x": 24,
          "y": 134
        }
      },
      {
        "type": "inputslot",
        "data": {
          "inputLimit": {
            "value": ""
          },
          "id": 140,
          "disableStackInteraction": false,
          "dropItemsWhenNotBound": true,
          "name": "Slot #140",
          "x": 42,
          "y": 134
        }
      },
      {
        "type": "inputslot",
        "data": {
          "inputLimit": {
            "value": ""
          },
          "id": 141,
          "disableStackInteraction": false,
          "dropItemsWhenNotBound": true,
          "name": "Slot #141",
          "x": 60,
          "y": 134
        }
      },
      {
        "type": "inputslot",
        "data": {
          "inputLimit": {
            "value": ""
          },
          "id": 142,
          "disableStackInteraction": false,
          "dropItemsWhenNotBound": true,
          "name": "Slot #142",
          "x": 78,
          "y": 134
        }
      },
      {
        "type": "inputslot",
        "data": {
          "inputLimit": {
            "value": ""
          },
          "id": 143,
          "disableStackInteraction": false,
          "dropItemsWhenNotBound": true,
          "name": "Slot #143",
          "x": 96,
          "y": 134
        }
      },
      {
        "type": "inputslot",
        "data": {
          "inputLimit": {
            "value": ""
          },
          "id": 144,
          "disableStackInteraction": false,
          "dropItemsWhenNotBound": true,
          "name": "Slot #144",
          "x": 312,
          "y": 134
        }
      },
      {
        "type": "inputslot",
        "data": {
          "inputLimit": {
            "value": ""
          },
          "id": 145,
          "disableStackInteraction": false,
          "dropItemsWhenNotBound": true,
          "name": "Slot #145",
          "x": 330,
          "y": 134
        }
      },
      {
        "type": "inputslot",
        "data": {
          "inputLimit": {
            "value": ""
          },
          "id": 146,
          "disableStackInteraction": false,
          "dropItemsWhenNotBound": true,
          "name": "Slot #146",
          "x": 348,
          "y": 134
        }
      },
      {
        "type": "inputslot",
        "data": {
          "inputLimit": {
            "value": ""
          },
          "id": 147,
          "disableStackInteraction": false,
          "dropItemsWhenNotBound": true,
          "name": "Slot #147",
          "x": 366,
          "y": 134
        }
      },
      {
        "type": "inputslot",
        "data": {
          "inputLimit": {
            "value": ""
          },
          "id": 148,
          "disableStackInteraction": false,
          "dropItemsWhenNotBound": true,
          "name": "Slot #148",
          "x": 384,
          "y": 134
        }
      },
      {
        "type": "inputslot",
        "data": {
          "inputLimit": {
            "value": ""
          },
          "id": 149,
          "disableStackInteraction": false,
          "dropItemsWhenNotBound": true,
          "name": "Slot #149",
          "x": 402,
          "y": 134
        }
      },
      {
        "type": "inputslot",
        "data": {
          "inputLimit": {
            "value": ""
          },
          "id": 150,
          "disableStackInteraction": false,
          "dropItemsWhenNotBound": true,
          "name": "Slot #150",
          "x": 6,
          "y": 152
        }
      },
      {
        "type": "inputslot",
        "data": {
          "inputLimit": {
            "value": ""
          },
          "id": 151,
          "disableStackInteraction": false,
          "dropItemsWhenNotBound": true,
          "name": "Slot #151",
          "x": 24,
          "y": 152
        }
      },
      {
        "type": "inputslot",
        "data": {
          "inputLimit": {
            "value": ""
          },
          "id": 152,
          "disableStackInteraction": false,
          "dropItemsWhenNotBound": true,
          "name": "Slot #152",
          "x": 42,
          "y": 152
        }
      },
      {
        "type": "inputslot",
        "data": {
          "inputLimit": {
            "value": ""
          },
          "id": 153,
          "disableStackInteraction": false,
          "dropItemsWhenNotBound": true,
          "name": "Slot #153",
          "x": 60,
          "y": 152
        }
      },
      {
        "type": "inputslot",
        "data": {
          "inputLimit": {
            "value": ""
          },
          "id": 154,
          "disableStackInteraction": false,
          "dropItemsWhenNotBound": true,
          "name": "Slot #154",
          "x": 78,
          "y": 152
        }
      },
      {
        "type": "inputslot",
        "data": {
          "inputLimit": {
            "value": ""
          },
          "id": 155,
          "disableStackInteraction": false,
          "dropItemsWhenNotBound": true,
          "name": "Slot #155",
          "x": 96,
          "y": 152
        }
      },
      {
        "type": "inputslot",
        "data": {
          "inputLimit": {
            "value": ""
          },
          "id": 156,
          "disableStackInteraction": false,
          "dropItemsWhenNotBound": true,
          "name": "Slot #156",
          "x": 312,
          "y": 152
        }
      },
      {
        "type": "inputslot",
        "data": {
          "inputLimit": {
            "value": ""
          },
          "id": 157,
          "disableStackInteraction": false,
          "dropItemsWhenNotBound": true,
          "name": "Slot #157",
          "x": 330,
          "y": 152
        }
      },
      {
        "type": "inputslot",
        "data": {
          "inputLimit": {
            "value": ""
          },
          "id": 158,
          "disableStackInteraction": false,
          "dropItemsWhenNotBound": true,
          "name": "Slot #158",
          "x": 348,
          "y": 152
        }
      },
      {
        "type": "inputslot",
        "data": {
          "inputLimit": {
            "value": ""
          },
          "id": 159,
          "disableStackInteraction": false,
          "dropItemsWhenNotBound": true,
          "name": "Slot #159",
          "x": 366,
          "y": 152
        }
      },
      {
        "type": "inputslot",
        "data": {
          "inputLimit": {
            "value": ""
          },
          "id": 160,
          "disableStackInteraction": false,
          "dropItemsWhenNotBound": true,
          "name": "Slot #160",
          "x": 384,
          "y": 152
        }
      },
      {
        "type": "inputslot",
        "data": {
          "inputLimit": {
            "value": ""
          },
          "id": 161,
          "disableStackInteraction": false,
          "dropItemsWhenNotBound": true,
          "name": "Slot #161",
          "x": 402,
          "y": 152
        }
      },
      {
        "type": "inputslot",
        "data": {
          "inputLimit": {
            "value": ""
          },
          "id": 162,
          "disableStackInteraction": false,
          "dropItemsWhenNotBound": true,
          "name": "Slot #162",
          "x": 6,
          "y": 170
        }
      },
      {
        "type": "inputslot",
        "data": {
          "inputLimit": {
            "value": ""
          },
          "id": 163,
          "disableStackInteraction": false,
          "dropItemsWhenNotBound": true,
          "name": "Slot #163",
          "x": 24,
          "y": 170
        }
      },
      {
        "type": "inputslot",
        "data": {
          "inputLimit": {
            "value": ""
          },
          "id": 164,
          "disableStackInteraction": false,
          "dropItemsWhenNotBound": true,
          "name": "Slot #164",
          "x": 42,
          "y": 170
        }
      },
      {
        "type": "inputslot",
        "data": {
          "inputLimit": {
            "value": ""
          },
          "id": 165,
          "disableStackInteraction": false,
          "dropItemsWhenNotBound": true,
          "name": "Slot #165",
          "x": 60,
          "y": 170
        }
      },
      {
        "type": "inputslot",
        "data": {
          "inputLimit": {
            "value": ""
          },
          "id": 166,
          "disableStackInteraction": false,
          "dropItemsWhenNotBound": true,
          "name": "Slot #166",
          "x": 78,
          "y": 170
        }
      },
      {
        "type": "inputslot",
        "data": {
          "inputLimit": {
            "value": ""
          },
          "id": 167,
          "disableStackInteraction": false,
          "dropItemsWhenNotBound": true,
          "name": "Slot #167",
          "x": 96,
          "y": 170
        }
      },
      {
        "type": "inputslot",
        "data": {
          "inputLimit": {
            "value": ""
          },
          "id": 168,
          "disableStackInteraction": false,
          "dropItemsWhenNotBound": true,
          "name": "Slot #168",
          "x": 312,
          "y": 170
        }
      },
      {
        "type": "inputslot",
        "data": {
          "inputLimit": {
            "value": ""
          },
          "id": 169,
          "disableStackInteraction": false,
          "dropItemsWhenNotBound": true,
          "name": "Slot #169",
          "x": 330,
          "y": 170
        }
      },
      {
        "type": "inputslot",
        "data": {
          "inputLimit": {
            "value": ""
          },
          "id": 170,
          "disableStackInteraction": false,
          "dropItemsWhenNotBound": true,
          "name": "Slot #170",
          "x": 348,
          "y": 170
        }
      },
      {
        "type": "inputslot",
        "data": {
          "inputLimit": {
            "value": ""
          },
          "id": 171,
          "disableStackInteraction": false,
          "dropItemsWhenNotBound": true,
          "name": "Slot #171",
          "x": 366,
          "y": 170
        }
      },
      {
        "type": "inputslot",
        "data": {
          "inputLimit": {
            "value": ""
          },
          "id": 172,
          "disableStackInteraction": false,
          "dropItemsWhenNotBound": true,
          "name": "Slot #172",
          "x": 384,
          "y": 170
        }
      },
      {
        "type": "inputslot",
        "data": {
          "inputLimit": {
            "value": ""
          },
          "id": 173,
          "disableStackInteraction": false,
          "dropItemsWhenNotBound": true,
          "name": "Slot #173",
          "x": 402,
          "y": 170
        }
      },
      {
        "type": "inputslot",
        "data": {
          "inputLimit": {
            "value": ""
          },
          "id": 174,
          "disableStackInteraction": false,
          "dropItemsWhenNotBound": true,
          "name": "Slot #174",
          "x": 6,
          "y": 188
        }
      },
      {
        "type": "inputslot",
        "data": {
          "inputLimit": {
            "value": ""
          },
          "id": 175,
          "disableStackInteraction": false,
          "dropItemsWhenNotBound": true,
          "name": "Slot #175",
          "x": 24,
          "y": 188
        }
      },
      {
        "type": "inputslot",
        "data": {
          "inputLimit": {
            "value": ""
          },
          "id": 176,
          "disableStackInteraction": false,
          "dropItemsWhenNotBound": true,
          "name": "Slot #176",
          "x": 42,
          "y": 188
        }
      },
      {
        "type": "inputslot",
        "data": {
          "inputLimit": {
            "value": ""
          },
          "id": 177,
          "disableStackInteraction": false,
          "dropItemsWhenNotBound": true,
          "name": "Slot #177",
          "x": 60,
          "y": 188
        }
      },
      {
        "type": "inputslot",
        "data": {
          "inputLimit": {
            "value": ""
          },
          "id": 178,
          "disableStackInteraction": false,
          "dropItemsWhenNotBound": true,
          "name": "Slot #178",
          "x": 78,
          "y": 188
        }
      },
      {
        "type": "inputslot",
        "data": {
          "inputLimit": {
            "value": ""
          },
          "id": 179,
          "disableStackInteraction": false,
          "dropItemsWhenNotBound": true,
          "name": "Slot #179",
          "x": 96,
          "y": 188
        }
      },
      {
        "type": "inputslot",
        "data": {
          "inputLimit": {
            "value": ""
          },
          "id": 180,
          "disableStackInteraction": false,
          "dropItemsWhenNotBound": true,
          "name": "Slot #180",
          "x": 312,
          "y": 188
        }
      },
      {
        "type": "inputslot",
        "data": {
          "inputLimit": {
            "value": ""
          },
          "id": 181,
          "disableStackInteraction": false,
          "dropItemsWhenNotBound": true,
          "name": "Slot #181",
          "x": 330,
          "y": 188
        }
      },
      {
        "type": "inputslot",
        "data": {
          "inputLimit": {
            "value": ""
          },
          "id": 182,
          "disableStackInteraction": false,
          "dropItemsWhenNotBound": true,
          "name": "Slot #182",
          "x": 348,
          "y": 188
        }
      },
      {
        "type": "inputslot",
        "data": {
          "inputLimit": {
            "value": ""
          },
          "id": 183,
          "disableStackInteraction": false,
          "dropItemsWhenNotBound": true,
          "name": "Slot #183",
          "x": 366,
          "y": 188
        }
      },
      {
        "type": "inputslot",
        "data": {
          "inputLimit": {
            "value": ""
          },
          "id": 184,
          "disableStackInteraction": false,
          "dropItemsWhenNotBound": true,
          "name": "Slot #184",
          "x": 384,
          "y": 188
        }
      },
      {
        "type": "inputslot",
        "data": {
          "inputLimit": {
            "value": ""
          },
          "id": 185,
          "disableStackInteraction": false,
          "dropItemsWhenNotBound": true,
          "name": "Slot #185",
          "x": 402,
          "y": 188
        }
      }
    ],
    "gridSettings": {
      "sx": 18,
      "sy": 18,
      "ox": 11,
      "oy": 15,
      "snapOnGrid": true
    }
  }
}