{
  "_fv": 34,
  "_type": "recipe",
  "definition": {
    "recipeType": "Crafting",
    "xpReward": 0.0,
    "cookingTime": 200,
    "recipeRetstackSize": 1,
    "group": "",
    "recipeShapeless": false,
    "recipeSlots": [
      {
        "value": "CUSTOM:CompressedGrass"
      },
      {
        "value": "CUSTOM:GrassIngot"
      },
      {
        "value": "CUSTOM:CompressedGrass"
      },
      {
        "value": "CUSTOM:CompressedGrass"
      },
      {
        "value": "CUSTOM:CompressedGrassString"
      },
      {
        "value": "CUSTOM:CompressedGrass"
      },
      {
        "value": "CUSTOM:CompressedGrass"
      },
      {
        "value": ""
      },
      {
        "value": "CUSTOM:CompressedGrass"
      }
    ],
    "recipeReturnStack": {
      "value": "CUSTOM:CompressedGrassArmorArmor.legs"
    },
    "name": "compressed_grass_armor_armor_leggings_recipe",
    "namespace": "mod"
  }
}