{
  "_fv": 34,
  "_type": "recipe",
  "definition": {
    "recipeType": "Crafting",
    "xpReward": 0.0,
    "cookingTime": 200,
    "recipeRetstackSize": 1,
    "group": "",
    "recipeShapeless": false,
    "recipeSlots": [
      {
        "value": "Blocks.DIAMOND_BLOCK"
      },
      {
        "value": "Blocks.REDSTONE_BLOCK"
      },
      {
        "value": "Blocks.DIAMOND_BLOCK"
      },
      {
        "value": "CUSTOM:OctupleCompressedGrass"
      },
      {
        "value": "CUSTOM:CompressedGrassMachine"
      },
      {
        "value": "CUSTOM:OctupleCompressedGrass"
      },
      {
        "value": "Blocks.DIAMOND_BLOCK"
      },
      {
        "value": "Blocks.REDSTONE_BLOCK"
      },
      {
        "value": "Blocks.DIAMOND_BLOCK"
      }
    ],
    "recipeReturnStack": {
      "value": "CUSTOM:CompressedGrassMachinePlus"
    },
    "name": "compressed_grass_machine_plus_synthesis",
    "namespace": "mod"
  }
}