{
  "_fv": 34,
  "_type": "recipe",
  "definition": {
    "recipeType": "Crafting",
    "xpReward": 0.0,
    "cookingTime": 200,
    "recipeRetstackSize": 1,
    "group": "",
    "recipeShapeless": false,
    "recipeSlots": [
      {
        "value": "CUSTOM:GrassNugget"
      },
      {
        "value": ""
      },
      {
        "value": "CUSTOM:GrassNugget"
      },
      {
        "value": "CUSTOM:DoubleCompressedGrass"
      },
      {
        "value": "CUSTOM:DoubleCompressedGrassString"
      },
      {
        "value": "CUSTOM:DoubleCompressedGrass"
      },
      {
        "value": "CUSTOM:DoubleCompressedGrass"
      },
      {
        "value": "CUSTOM:GrassIngot"
      },
      {
        "value": "CUSTOM:DoubleCompressedGrass"
      }
    ],
    "recipeReturnStack": {
      "value": "CUSTOM:DoubleCompressedGrassArmorArmor.boots"
    },
    "name": "double_compressed_grass_armor_armor_boots_recipe",
    "namespace": "mod"
  }
}