{
  "_fv": 34,
  "_type": "tool",
  "definition": {
    "renderType": 0,
    "texture": "enchanted_hoe",
    "customModelName": "Normal",
    "name": "Enchanted Grass Hoe",
    "specialInfo": [],
    "creativeTab": {
      "value": "TOOLS"
    },
    "toolType": "Hoe",
    "harvestLevel": 20,
    "efficiency": 25.0,
    "attackSpeed": 1.0,
    "enchantability": 120,
    "damageVsEntity": 20.0,
    "usageCount": 5250,
    "blocksAffected": [],
    "hasGlow": false,
    "repairItems": [
      {
        "value": "CUSTOM:EnchantedGrass"
      }
    ],
    "immuneToFire": false,
    "stayInGridWhenCrafting": false,
    "damageOnCrafting": false,
    "onItemInUseTick": {
      "name": "EnchantedHoeOnHand"
    }
  }
}