{
  "_fv": 34,
  "_type": "achievement",
  "definition": {
    "achievementName": "Compressed",
    "achievementDescription": "compress the grass constantly",
    "achievementIcon": {
      "value": "CUSTOM:CompressedGrass"
    },
    "background": "Default",
    "disableDisplay": false,
    "showPopup": true,
    "announceToChat": true,
    "hideIfNotCompleted": false,
    "rewardLoot": [],
    "rewardRecipes": [],
    "rewardFunction": "No function",
    "rewardXP": 0,
    "achievementType": "task",
    "parent": {
      "value": "No parent: root"
    },
    "triggerxml": "<xml xmlns=\"https://developers.google.com/blockly/xml\"><block type=\"dimension_entered\" x=\"72\" y=\"147\"><field name=\"dimension\">Surface</field><next><block type=\"advancement_trigger\" deletable=\"false\"></block></next></block></xml>"
  }
}