{
  "_fv": 34,
  "_type": "livingentity",
  "definition": {
    "mobName": "Grass Monster",
    "mobLabel": "",
    "mobModelName": "Biped",
    "mobModelTexture": "grass_monster.png",
    "mobModelGlowTexture": "",
    "modelWidth": 0.6,
    "modelHeight": 1.8,
    "modelShadowSize": 0.5,
    "mountedYOffset": 0.0,
    "hasSpawnEgg": true,
    "spawnEggBaseColor": {
      "value": -1,
      "falpha": 0.0
    },
    "spawnEggDotColor": {
      "value": -10066177,
      "falpha": 0.0
    },
    "creativeTab": {
      "value": "MISC"
    },
    "isBoss": false,
    "bossBarColor": "PINK",
    "bossBarType": "PROGRESS",
    "equipmentMainHand": {
      "value": "CUSTOM:TripleCompressedGrassToolsSword"
    },
    "equipmentOffHand": {
      "value": ""
    },
    "equipmentHelmet": {
      "value": "CUSTOM:TripleCompressedGrassArmorArmor.helmet"
    },
    "equipmentBody": {
      "value": "CUSTOM:TripleCompressedGrassArmorArmor.body"
    },
    "equipmentLeggings": {
      "value": "CUSTOM:TripleCompressedGrassArmorArmor.legs"
    },
    "equipmentBoots": {
      "value": "CUSTOM:TripleCompressedGrassArmorArmor.boots"
    },
    "mobBehaviourType": "Mob",
    "mobCreatureType": "UNDEFINED",
    "attackStrength": 10,
    "attackKnockback": 3.0,
    "knockbackResistance": 0.2,
    "movementSpeed": 1.5,
    "armorBaseValue": 3.0,
    "trackingRange": 128,
    "followRange": 16,
    "health": 50,
    "xpAmount": 5,
    "waterMob": true,
    "flyingMob": true,
    "guiBoundTo": "<NONE>",
    "inventorySize": 9,
    "inventoryStackSize": 64,
    "disableCollisions": false,
    "ridable": false,
    "canControlForward": false,
    "canControlStrafe": false,
    "immuneToFire": false,
    "immuneToArrows": true,
    "immuneToFallDamage": false,
    "immuneToCactus": false,
    "immuneToDrowning": true,
    "immuneToLightning": false,
    "immuneToPotions": false,
    "immuneToPlayer": false,
    "immuneToExplosion": true,
    "immuneToTrident": false,
    "immuneToAnvil": false,
    "immuneToWither": false,
    "immuneToDragonBreath": false,
    "mobDrop": {
      "value": "CUSTOM:TripleCompressedGrass"
    },
    "livingSound": {
      "value": ""
    },
    "hurtSound": {
      "value": "entity.generic.hurt"
    },
    "deathSound": {
      "value": "entity.generic.death"
    },
    "stepSound": {
      "value": ""
    },
    "spawnParticles": true,
    "particleToSpawn": {
      "value": "CUSTOM:GrassParticles"
    },
    "particleSpawningShape": "Spread",
    "particleSpawningRadious": 0.2999999985098839,
    "particleAmount": 4,
    "whenMobIsHurt": {
      "name": "GrassMonsterSpawn"
    },
    "hasAI": true,
    "aiBase": "(none)",
    "aixml": "<xml xmlns=\"https://developers.google.com/blockly/xml\"><block type=\"aitasks_container\" deletable=\"false\" x=\"199\" y=\"65\"><next><block type=\"attack_on_collide\"><field name=\"speed\">0.5</field><field name=\"longmemory\">FALSE</field><field name=\"condition\">null,null</field><next><block type=\"wander\"><field name=\"speed\">0.1</field><field name=\"condition\">null,null</field><next><block type=\"attack_action\"><field name=\"callhelp\">TRUE</field><field name=\"condition\">null,null</field><next><block type=\"look_around\"><field name=\"condition\">null,null</field><next><block type=\"swim_in_water\"><field name=\"condition\">null,null</field></block></next></block></next></block></next></block></next></block></next></block></xml>",
    "breedable": false,
    "tameable": false,
    "breedTriggerItems": [],
    "ranged": false,
    "rangedAttackItem": {
      "value": ""
    },
    "rangedItemType": "Default item",
    "spawnThisMob": true,
    "doesDespawnWhenIdle": true,
    "spawningProbability": 5,
    "mobSpawningType": "monster",
    "minNumberOfMobsPerGroup": 1,
    "maxNumberOfMobsPerGroup": 2,
    "restrictionBiomes": [],
    "spawnInDungeons": false
  }
}