{
  "_fv": 34,
  "_type": "recipe",
  "definition": {
    "recipeType": "Crafting",
    "xpReward": 0.0,
    "cookingTime": 200,
    "recipeRetstackSize": 1,
    "group": "",
    "recipeShapeless": false,
    "recipeSlots": [
      {
        "value": "CUSTOM:GrassNugget"
      },
      {
        "value": "CUSTOM:GrassNugget"
      },
      {
        "value": "CUSTOM:GrassNugget"
      },
      {
        "value": "CUSTOM:GrassNugget"
      },
      {
        "value": "CUSTOM:GrassNugget"
      },
      {
        "value": "CUSTOM:GrassNugget"
      },
      {
        "value": "CUSTOM:GrassNugget"
      },
      {
        "value": "CUSTOM:GrassNugget"
      },
      {
        "value": "CUSTOM:GrassNugget"
      }
    ],
    "recipeReturnStack": {
      "value": "CUSTOM:GrassIngot"
    },
    "name": "grass_ingot_synthesis",
    "namespace": "mod"
  }
}