{
  "_fv": 34,
  "_type": "dimension",
  "definition": {
    "biomesInDimension": [
      {
        "value": "CUSTOM:GrassBiome"
      }
    ],
    "worldGenType": "Normal world gen",
    "mainFillerBlock": {
      "value": "CUSTOM:GrassWoodPlanks"
    },
    "fluidBlock": {
      "value": "Blocks.FLOWING_WATER"
    },
    "canRespawnHere": false,
    "hasFog": true,
    "isDark": false,
    "doesWaterVaporize": true,
    "sleepResult": "ALLOW",
    "hasSkyLight": true,
    "imitateOverworldBehaviour": false,
    "portalFrame": {
      "value": "CUSTOM:GrassBlock"
    },
    "portalParticles": {
      "value": "CUSTOM:GrassParticles"
    },
    "portalLuminance": 5,
    "portalSound": {
      "value": "block.portal.ambient"
    },
    "igniterName": "Grass Dimension Portal Igniter",
    "igniterTab": {
      "value": "CUSTOM:Tools"
    },
    "texture": "black",
    "portalTexture": "portal",
    "enablePortal": true
  }
}