{
  "_fv": 34,
  "_type": "recipe",
  "definition": {
    "recipeType": "Crafting",
    "xpReward": 0.0,
    "cookingTime": 200,
    "recipeRetstackSize": 1,
    "group": "",
    "recipeShapeless": false,
    "recipeSlots": [
      {
        "value": "Blocks.DIAMOND_BLOCK"
      },
      {
        "value": "CUSTOM:DoubleCompressedGrassString"
      },
      {
        "value": "Blocks.DIAMOND_BLOCK"
      },
      {
        "value": "CUSTOM:DoubleCompressedGrassString"
      },
      {
        "value": "CUSTOM:TripleCompressedGrass"
      },
      {
        "value": "CUSTOM:DoubleCompressedGrassString"
      },
      {
        "value": "Blocks.DIAMOND_BLOCK"
      },
      {
        "value": "CUSTOM:DoubleCompressedGrassString"
      },
      {
        "value": "Blocks.DIAMOND_BLOCK"
      }
    ],
    "recipeReturnStack": {
      "value": "CUSTOM:IncreaseCapacity"
    },
    "name": "increase_capacity_synthesis",
    "namespace": "mod"
  }
}