{
  "_fv": 34,
  "_type": "tool",
  "definition": {
    "renderType": 0,
    "texture": "limit_sword",
    "customModelName": "Normal",
    "name": "Limit Compressed Grass Sword",
    "specialInfo": [],
    "creativeTab": {
      "value": "CUSTOM:Tools"
    },
    "toolType": "Sword",
    "harvestLevel": 18,
    "efficiency": 23.0,
    "attackSpeed": 1.0,
    "enchantability": 115,
    "damageVsEntity": 35.0,
    "usageCount": 5000,
    "blocksAffected": [],
    "hasGlow": false,
    "repairItems": [
      {
        "value": "CUSTOM:LimitCompressedGrass"
      }
    ],
    "immuneToFire": false,
    "stayInGridWhenCrafting": false,
    "damageOnCrafting": false
  }
}