{
  "_fv": 34,
  "_type": "recipe",
  "definition": {
    "recipeType": "Crafting",
    "xpReward": 0.0,
    "cookingTime": 200,
    "recipeRetstackSize": 1,
    "group": "",
    "recipeShapeless": false,
    "recipeSlots": [
      {
        "value": ""
      },
      {
        "value": ""
      },
      {
        "value": ""
      },
      {
        "value": ""
      },
      {
        "value": "CUSTOM:OctupleCompressedGrassString"
      },
      {
        "value": "CUSTOM:OctupleCompressedGrassString"
      },
      {
        "value": ""
      },
      {
        "value": "CUSTOM:OctupleCompressedGrassString"
      },
      {
        "value": ""
      }
    ],
    "recipeReturnStack": {
      "value": "CUSTOM:NonupleCompressedGrassString"
    },
    "name": "nonuple_compressed_grass_string_synthesis",
    "namespace": "mod"
  }
}