{
  "_fv": 34,
  "_type": "tool",
  "definition": {
    "renderType": 0,
    "texture": "octuplegrass_pickaxe",
    "customModelName": "Normal",
    "name": "OctupleGrass Pickaxe",
    "specialInfo": [],
    "creativeTab": {
      "value": "CUSTOM:Tools"
    },
    "toolType": "Pickaxe",
    "harvestLevel": 14,
    "efficiency": 19.0,
    "attackSpeed": 1.0,
    "enchantability": 98,
    "damageVsEntity": 14.0,
    "usageCount": 3811,
    "blocksAffected": [],
    "hasGlow": false,
    "repairItems": [
      {
        "value": "CUSTOM:OctupleCompressedGrass"
      }
    ],
    "immuneToFire": false,
    "stayInGridWhenCrafting": false,
    "damageOnCrafting": false
  }
}