{
  "_fv": 34,
  "_type": "tool",
  "definition": {
    "renderType": 0,
    "texture": "quintuplecompressedgrasstools_sword",
    "customModelName": "Normal",
    "name": "Quintuple Compressed Grass Sword",
    "specialInfo": [],
    "creativeTab": {
      "value": "CUSTOM:Tools"
    },
    "toolType": "Sword",
    "harvestLevel": 4,
    "efficiency": 9.0,
    "attackSpeed": 1.0,
    "enchantability": 28,
    "damageVsEntity": 6.0,
    "usageCount": 660,
    "blocksAffected": [],
    "hasGlow": false,
    "repairItems": [
      {
        "value": "CUSTOM:QuintupleCompressedGrass"
      }
    ],
    "immuneToFire": false,
    "stayInGridWhenCrafting": false,
    "damageOnCrafting": false
  }
}