{
  "_fv": 34,
  "_type": "recipe",
  "definition": {
    "recipeType": "Crafting",
    "xpReward": 0.0,
    "cookingTime": 200,
    "recipeRetstackSize": 1,
    "group": "",
    "recipeShapeless": false,
    "recipeSlots": [
      {
        "value": "CUSTOM:GrassIngot"
      },
      {
        "value": ""
      },
      {
        "value": "CUSTOM:GrassIngot"
      },
      {
        "value": "CUSTOM:SeptupleCompressedGrass"
      },
      {
        "value": "CUSTOM:SeptupleCompressedGrassString"
      },
      {
        "value": "CUSTOM:SeptupleCompressedGrass"
      },
      {
        "value": "CUSTOM:SeptupleCompressedGrass"
      },
      {
        "value": "CUSTOM:GrassBlock"
      },
      {
        "value": "CUSTOM:SeptupleCompressedGrass"
      }
    ],
    "recipeReturnStack": {
      "value": "CUSTOM:SeptupleArmor.boots"
    },
    "name": "septuple_armor_boots_recipe",
    "namespace": "mod"
  }
}