{
  "_fv": 34,
  "_type": "armor",
  "definition": {
    "enableHelmet": true,
    "textureHelmet": "sextuplecompressedgrassarmor_head",
    "enableBody": true,
    "textureBody": "sextuplecompressedgrassarmor_body",
    "enableLeggings": true,
    "textureLeggings": "sextuplecompressedgrassarmor_leggings",
    "enableBoots": true,
    "textureBoots": "sextuplecompressedgrassarmor_boots",
    "creativeTab": {
      "value": "CUSTOM:GrassArmor"
    },
    "armorTextureFile": "sextuplecompressedgrassarmor",
    "helmetName": "Sextuple Compressed Grass Helmet",
    "bodyName": "Sextuple Compressed Grass Chestplate",
    "leggingsName": "Sextuple Compressed Grass Leggings",
    "bootsName": "Sextuple Compressed Grass Boots",
    "helmetSpecialInfo": [],
    "bodySpecialInfo": [],
    "leggingsSpecialInfo": [],
    "bootsSpecialInfo": [],
    "helmetModelName": "Default",
    "helmetModelPart": "Helmet",
    "helmetModelTexture": "From armor",
    "bodyModelName": "Default",
    "bodyModelPart": "Body",
    "armsModelPartL": "Arms L",
    "armsModelPartR": "Arms R",
    "bodyModelTexture": "From armor",
    "leggingsModelName": "Default",
    "leggingsModelPartL": "Leggings L",
    "leggingsModelPartR": "Leggings R",
    "leggingsModelTexture": "From armor",
    "bootsModelName": "Default",
    "bootsModelPartL": "Boots L",
    "bootsModelPartR": "Boots R",
    "bootsModelTexture": "From armor",
    "helmetImmuneToFire": false,
    "bodyImmuneToFire": false,
    "leggingsImmuneToFire": false,
    "bootsImmuneToFire": false,
    "maxDamage": 40,
    "damageValueHelmet": 8,
    "damageValueBody": 10,
    "damageValueLeggings": 9,
    "damageValueBoots": 7,
    "enchantability": 18,
    "toughness": 0.3,
    "knockbackResistance": 0.2,
    "equipSound": {
      "value": ""
    },
    "repairItems": [
      {
        "value": "CUSTOM:SextupleCompressedGrass"
      }
    ]
  }
}