{
  "_fv": 34,
  "_type": "tool",
  "definition": {
    "renderType": 0,
    "texture": "triplecompressedgrasstools_hoe",
    "customModelName": "Normal",
    "name": "Triple Compressed Grass Tools Hoe",
    "specialInfo": [],
    "creativeTab": {
      "value": "CUSTOM:Tools"
    },
    "toolType": "Hoe",
    "harvestLevel": 2,
    "efficiency": 5.0,
    "attackSpeed": 1.0,
    "enchantability": 11,
    "damageVsEntity": 2.0,
    "usageCount": 183,
    "blocksAffected": [],
    "hasGlow": false,
    "repairItems": [
      {
        "value": "CUSTOM:TripleCompressedGrass"
      }
    ],
    "immuneToFire": false,
    "stayInGridWhenCrafting": false,
    "damageOnCrafting": false
  }
}