{
  "_fv": 34,
  "_type": "armor",
  "definition": {
    "enableHelmet": true,
    "textureHelmet": "triplecompressedgrassarmor_head",
    "enableBody": true,
    "textureBody": "triplecompressedgrassarmor_body",
    "enableLeggings": true,
    "textureLeggings": "triplecompressedgrassarmor_leggings",
    "enableBoots": true,
    "textureBoots": "triplecompressedgrassarmor_boots",
    "creativeTab": {
      "value": "CUSTOM:GrassArmor"
    },
    "armorTextureFile": "triplecompressedgrassarmor",
    "helmetName": "Triple Compressed Grass Helmet",
    "bodyName": "Triple Compressed Grass Chestplate",
    "leggingsName": "Triple Compressed Grass Leggings",
    "bootsName": "Triple Compressed Grass Boots",
    "helmetSpecialInfo": [],
    "bodySpecialInfo": [],
    "leggingsSpecialInfo": [],
    "bootsSpecialInfo": [],
    "helmetModelName": "Default",
    "helmetModelPart": "Helmet",
    "helmetModelTexture": "From armor",
    "bodyModelName": "Default",
    "bodyModelPart": "Body",
    "armsModelPartL": "Arms L",
    "armsModelPartR": "Arms R",
    "bodyModelTexture": "From armor",
    "leggingsModelName": "Default",
    "leggingsModelPartL": "Leggings L",
    "leggingsModelPartR": "Leggings R",
    "leggingsModelTexture": "From armor",
    "bootsModelName": "Default",
    "bootsModelPartL": "Boots L",
    "bootsModelPartR": "Boots R",
    "bootsModelTexture": "From armor",
    "helmetImmuneToFire": false,
    "bodyImmuneToFire": false,
    "leggingsImmuneToFire": false,
    "bootsImmuneToFire": false,
    "maxDamage": 20,
    "damageValueHelmet": 4,
    "damageValueBody": 5,
    "damageValueLeggings": 4,
    "damageValueBoots": 3,
    "enchantability": 10,
    "toughness": 0.0,
    "knockbackResistance": 0.0,
    "equipSound": {
      "value": ""
    },
    "repairItems": [
      {
        "value": "CUSTOM:TripleCompressedGrass"
      }
    ]
  }
}