{
  "_fv": 34,
  "_type": "recipe",
  "definition": {
    "recipeType": "Crafting",
    "xpReward": 0.0,
    "cookingTime": 200,
    "recipeRetstackSize": 1,
    "group": "",
    "recipeShapeless": false,
    "recipeSlots": [
      {
        "value": "CUSTOM:TripleCompressedGrass"
      },
      {
        "value": "CUSTOM:TripleCompressedGrass"
      },
      {
        "value": "CUSTOM:CompressedGrassString"
      },
      {
        "value": "CUSTOM:CompressedGrassString"
      },
      {
        "value": "CUSTOM:WindingGrassSticks"
      },
      {
        "value": ""
      },
      {
        "value": ""
      },
      {
        "value": "CUSTOM:WindingGrassSticks"
      },
      {
        "value": ""
      }
    ],
    "recipeReturnStack": {
      "value": "CUSTOM:TripleCompressedGrassToolsHoe"
    },
    "name": "triple_compressed_grass_tools_hoe_recipe",
    "namespace": "mod"
  }
}