{
  "_fv": 28,
  "_type": "armor",
  "definition": {
    "enableHelmet": true,
    "textureHelmet": "quadruple_head",
    "enableBody": true,
    "textureBody": "quadruple_body",
    "enableLeggings": true,
    "textureLeggings": "quadruple_leggings",
    "enableBoots": true,
    "textureBoots": "quadruple_boots",
    "creativeTab": {
      "value": "CUSTOM:GrassArmor"
    },
    "armorTextureFile": "quadruple",
    "helmetName": "Quadruple Compressed Grass Helmet",
    "bodyName": "Quadruple Compressed Grass Chestplate",
    "leggingsName": "Quadruple Compressed Grass Leggings",
    "bootsName": "Quadruple Compressed Grass Boots",
    "helmetSpecialInfo": [],
    "bodySpecialInfo": [],
    "leggingsSpecialInfo": [],
    "bootsSpecialInfo": [],
    "helmetModelName": "Default",
    "helmetModelPart": "Helmet",
    "helmetModelTexture": "From armor",
    "bodyModelName": "Default",
    "bodyModelPart": "Body",
    "armsModelPartL": "Arms L",
    "armsModelPartR": "Arms R",
    "bodyModelTexture": "From armor",
    "leggingsModelName": "Default",
    "leggingsModelPartL": "Leggings L",
    "leggingsModelPartR": "Leggings R",
    "leggingsModelTexture": "From armor",
    "bootsModelName": "Default",
    "bootsModelPartL": "Boots L",
    "bootsModelPartR": "Boots R",
    "bootsModelTexture": "From armor",
    "helmetImmuneToFire": false,
    "bodyImmuneToFire": false,
    "leggingsImmuneToFire": false,
    "bootsImmuneToFire": false,
    "maxDamage": 12,
    "damageValueHelmet": 8,
    "damageValueBody": 8,
    "damageValueLeggings": 8,
    "damageValueBoots": 8,
    "enchantability": 10,
    "toughness": 1.0,
    "knockbackResistance": 1.0,
    "equipSound": {
      "value": ""
    },
    "repairItems": [
      {
        "value": "CUSTOM:QuadrupleCompressedGrass"
      }
    ]
  }
}